Year,Month,Day,Season,Temperature_C,Humidity_pct,Pressure_hPa,Wind_Speed_kmph,Cloud_Cover_pct,Rainfall_mm,Visibility_km,Solar_Radiation_Wm2,Air_Quality_Index,Dew_Point_C,Climate_Condition
2015,7,16,Monsoon,30.77,77.79,1007.85,13.5,65.02,92.96,4.25,120.96,119.77,26.39,Rainy
2019,4,4,Summer,27.18,52.71,1005.82,5.36,31.7,0.0,6.38,400.55,120.38,18.66,Normal
2022,11,11,Post-Monsoon,16.91,65.46,1026.34,10.23,37.44,0.12,7.03,204.06,92.71,9.39,Cool
2025,8,24,Monsoon,23.99,77.94,1019.38,10.09,79.36,63.64,5.13,20.0,117.8,19.76,Rainy
2016,5,23,Summer,31.19,62.36,1010.68,8.65,24.22,3.58,6.57,364.84,132.91,22.48,Normal
2018,7,9,Monsoon,28.89,82.03,1006.33,11.09,48.38,22.61,6.39,276.47,143.6,25.0,Normal
2021,10,23,Post-Monsoon,17.93,58.75,1017.06,7.34,19.21,0.87,6.78,320.79,91.79,9.7,Cool
2017,3,3,Summer,17.68,68.07,1016.78,10.3,52.89,5.84,7.12,149.85,89.0,9.95,Cool
2019,7,19,Monsoon,30.0,69.63,1010.12,8.88,62.98,7.54,6.66,145.36,130.45,24.4,Normal
2022,11,8,Post-Monsoon,21.84,55.14,1020.32,13.84,51.15,1.78,8.83,110.45,116.98,13.47,Normal
2024,11,5,Post-Monsoon,21.59,62.65,1018.2,2.54,51.81,1.87,7.55,254.16,100.74,14.93,Normal
2017,8,4,Monsoon,26.49,75.6,1006.94,10.21,45.11,74.75,4.6,174.54,139.57,23.48,Rainy
2018,5,24,Summer,28.74,74.72,1015.19,9.11,42.4,0.0,5.81,402.4,139.13,24.02,Normal
2023,4,6,Summer,28.53,60.95,1011.08,9.75,15.71,3.99,7.68,428.07,107.23,20.67,Normal
2021,8,2,Monsoon,25.3,69.18,1014.84,11.7,66.78,30.44,6.08,104.0,142.27,17.86,Normal
2015,8,20,Monsoon,28.16,72.3,1015.95,11.83,50.47,70.65,4.13,258.55,147.21,22.94,Normal
2018,3,28,Summer,25.69,67.63,1007.37,9.23,35.2,1.31,7.42,291.02,156.5,19.66,Normal
2018,6,11,Monsoon,33.7,85.89,1006.07,11.31,71.65,89.89,4.18,107.38,173.24,29.79,Rainy
2023,5,4,Summer,29.84,45.64,1006.78,12.18,11.84,6.5,8.24,555.46,97.5,18.78,Normal
2020,2,15,Winter,20.05,52.39,1009.49,10.52,33.79,0.0,9.45,295.75,120.51,10.54,Normal
2023,8,6,Monsoon,25.57,91.69,1013.29,14.62,58.28,54.44,4.54,125.17,147.61,24.33,Rainy
2020,12,22,Winter,15.18,72.66,1029.22,5.1,52.8,0.0,5.37,163.46,100.92,10.4,Cool
2020,6,17,Monsoon,30.5,68.07,1001.09,11.76,40.69,117.31,5.91,234.72,135.33,23.69,Normal
2019,2,24,Winter,21.31,68.17,1014.76,7.1,24.12,0.0,8.15,242.9,78.27,15.1,Normal
2019,12,6,Winter,19.01,48.04,1019.06,4.98,26.34,1.51,9.8,249.85,65.44,9.08,Cool
2016,5,19,Summer,28.3,58.16,1010.49,9.08,46.11,0.0,8.41,246.21,88.94,19.78,Normal
2022,1,25,Winter,21.22,66.8,1014.49,6.39,40.09,0.0,4.52,199.27,119.6,14.24,Normal
2022,12,2,Winter,16.4,75.31,1013.12,9.97,56.55,1.49,8.0,106.11,118.37,12.03,Cool
2025,10,15,Post-Monsoon,20.45,58.1,1016.41,4.79,20.93,4.23,7.9,212.27,101.07,11.93,Normal
2015,6,11,Monsoon,29.36,75.78,1006.22,17.16,47.31,44.04,6.02,247.17,160.4,23.55,Rainy
2022,12,8,Winter,11.67,66.62,1012.87,5.31,32.8,0.51,7.97,200.51,115.37,6.09,Cool
2019,9,26,Monsoon,25.94,80.04,1016.42,12.66,59.99,43.24,7.64,99.93,98.46,21.08,Rainy
2016,1,19,Winter,19.56,59.73,1019.94,10.38,35.16,0.0,7.16,148.05,103.43,11.43,Cool
2016,11,13,Post-Monsoon,17.32,65.16,1017.88,6.29,47.41,0.0,6.81,135.16,89.68,10.61,Cool
2020,11,12,Post-Monsoon,18.09,60.35,1018.06,10.56,48.33,3.27,6.67,100.22,113.11,10.52,Cool
2025,10,5,Post-Monsoon,21.64,68.69,1018.95,4.31,50.25,1.07,5.88,138.51,114.33,15.51,Normal
2023,12,6,Winter,13.56,77.4,1021.2,12.36,52.2,1.18,5.29,20.0,90.96,6.69,Cool
2015,12,26,Winter,15.84,67.71,1022.33,8.04,29.19,0.0,5.04,217.29,134.56,8.82,Cool
2020,3,22,Summer,25.75,60.7,1010.59,6.21,35.52,6.79,8.09,252.56,117.31,18.12,Normal
2023,12,4,Winter,14.24,60.64,1025.08,7.1,29.12,1.16,10.11,239.87,90.99,6.28,Cool
2022,7,19,Monsoon,30.71,71.87,1009.59,14.43,40.36,33.46,8.59,338.68,124.57,25.49,Normal
2025,4,20,Summer,24.52,61.18,1013.42,6.25,31.45,0.0,6.69,360.91,143.46,17.57,Normal
2020,9,1,Monsoon,25.03,97.42,1007.2,9.75,53.18,36.56,3.94,169.5,149.54,24.92,Rainy
2017,3,20,Summer,23.92,54.29,1014.2,7.34,6.94,0.0,9.68,450.85,105.44,14.2,Normal
2022,5,17,Summer,26.51,69.99,1007.92,4.47,34.98,0.0,7.62,395.26,103.7,20.08,Normal
2023,3,12,Summer,26.56,66.67,1008.65,13.46,42.66,0.0,7.49,327.45,105.71,21.2,Normal
2015,7,15,Monsoon,28.45,77.96,1006.63,10.3,33.19,61.8,4.69,360.98,119.23,23.9,Rainy
2023,5,1,Summer,28.28,70.46,1005.74,10.49,43.56,0.0,8.48,302.13,134.24,22.3,Normal
2020,9,26,Monsoon,24.44,82.21,1021.19,12.63,75.57,17.73,4.51,57.86,140.82,21.29,Cloudy
2020,7,14,Monsoon,32.59,74.99,1012.31,9.05,59.27,31.85,6.53,227.44,121.81,28.58,Normal
2018,2,6,Winter,18.27,66.79,1024.7,7.98,60.15,0.0,7.74,182.27,124.18,10.9,Cool
2015,4,5,Summer,27.64,67.29,1005.56,10.35,45.53,2.68,7.27,326.93,106.52,20.7,Normal
2024,9,11,Monsoon,24.94,86.83,1012.62,11.44,70.47,31.72,6.07,101.75,118.61,21.03,Rainy
2022,12,4,Winter,18.52,62.55,1011.66,11.58,28.35,0.39,7.65,260.78,79.61,10.8,Cool
2016,2,13,Winter,20.89,55.57,1012.4,11.06,23.72,7.69,7.28,364.51,79.11,12.46,Normal
2015,10,11,Post-Monsoon,19.69,64.46,1012.34,10.76,5.69,2.18,7.54,440.11,89.95,12.29,Cool
2016,9,3,Monsoon,22.18,76.04,1019.23,10.62,62.06,12.13,4.46,34.03,119.49,18.79,Normal
2015,10,1,Post-Monsoon,20.69,64.53,1013.73,4.76,57.11,0.0,8.22,209.37,94.25,13.69,Normal
2015,5,6,Summer,27.7,67.33,1014.68,6.16,34.23,0.0,8.33,245.87,149.06,21.09,Normal
2023,2,18,Winter,14.07,67.73,1022.37,8.59,38.14,0.51,6.46,280.76,85.36,7.34,Cool
2015,4,24,Summer,28.46,57.69,1019.09,9.64,24.1,11.01,6.61,431.91,121.39,18.91,Normal
2018,12,10,Winter,18.99,66.92,1010.59,1.49,45.12,3.34,6.49,134.62,133.47,12.3,Cool
2024,12,5,Winter,11.8,78.92,1026.58,7.98,63.63,2.54,6.34,50.11,107.47,7.87,Cool
2020,7,23,Monsoon,27.84,60.82,1014.9,12.47,14.74,26.16,7.35,515.48,111.26,19.91,Normal
2021,12,10,Winter,18.36,62.83,1013.05,7.17,42.18,0.3,9.53,89.42,109.34,11.11,Cool
2016,8,12,Monsoon,32.03,74.26,1011.41,15.87,43.08,22.66,8.02,366.53,122.29,26.34,Normal
2020,3,2,Summer,24.05,70.36,1014.31,9.27,44.65,2.4,8.01,233.59,100.79,17.12,Normal
2021,1,13,Winter,16.34,65.45,1017.45,11.93,44.87,5.65,7.42,332.32,116.08,9.34,Cool
2024,4,8,Summer,27.1,46.08,1007.54,7.35,21.6,15.75,7.27,511.28,100.11,16.49,Normal
2024,2,2,Winter,23.52,66.77,1010.46,10.81,39.17,0.0,9.34,231.11,132.83,16.74,Normal
2016,8,20,Monsoon,26.08,73.68,1019.74,16.91,43.38,24.48,5.93,218.91,137.58,20.98,Normal
2016,4,1,Summer,25.74,52.1,1011.78,11.94,40.33,0.0,8.69,330.18,115.78,16.78,Normal
2024,2,5,Winter,19.44,61.74,1019.32,4.72,41.41,4.76,8.31,238.38,125.23,12.4,Cool
2021,6,9,Monsoon,28.9,74.3,1006.4,11.24,49.08,90.31,4.62,376.88,118.42,24.45,Normal
2015,6,17,Monsoon,31.27,69.22,1004.79,10.96,27.13,57.99,7.09,493.6,141.83,25.92,Normal
2022,10,9,Post-Monsoon,24.07,46.49,1017.28,9.47,19.65,2.6,9.23,417.28,120.12,13.77,Normal
2025,4,11,Summer,28.21,64.49,1004.65,10.06,49.38,0.0,8.67,381.05,117.36,21.39,Normal
2017,6,15,Monsoon,30.44,83.12,1006.83,9.48,53.95,10.5,6.46,84.33,127.15,28.62,Normal
2025,2,24,Winter,19.86,70.29,1016.04,8.2,51.15,0.0,7.03,185.38,118.93,14.54,Cool
2020,10,6,Post-Monsoon,17.06,60.28,1018.3,1.94,56.42,6.11,7.72,236.86,140.16,8.44,Cool
2023,12,23,Winter,18.94,65.14,1015.82,12.33,51.58,0.0,7.37,161.8,105.17,10.48,Cool
2020,2,3,Winter,20.33,65.26,1017.15,6.46,40.32,1.21,5.86,131.77,102.47,13.19,Normal
2023,10,17,Post-Monsoon,20.1,69.7,1018.5,8.17,36.63,0.0,5.92,331.56,133.16,14.54,Normal
2021,4,5,Summer,34.52,57.21,1008.57,7.07,2.12,0.0,8.88,588.61,126.43,26.73,Hot
2023,8,28,Monsoon,28.16,71.12,1006.15,15.44,41.87,63.06,3.93,305.9,140.68,21.38,Normal
2016,7,12,Monsoon,28.41,76.61,1008.78,3.49,44.37,61.18,4.62,289.9,154.68,24.31,Rainy
2022,12,18,Winter,16.06,72.35,1023.34,7.95,49.56,0.0,5.68,256.11,73.79,11.44,Cool
2022,9,14,Monsoon,26.53,87.92,1014.81,11.68,55.49,34.35,4.44,156.15,130.61,24.6,Rainy
2016,8,21,Monsoon,27.75,81.56,1004.88,10.64,48.4,62.53,4.54,202.97,125.56,24.39,Rainy
2018,5,24,Summer,26.9,64.92,1012.38,13.18,17.58,3.13,6.89,403.51,101.14,19.77,Normal
2025,2,11,Winter,22.52,63.92,1006.12,5.34,26.85,2.82,5.74,355.54,77.66,14.94,Normal
2021,5,9,Summer,28.59,67.74,1009.97,10.32,46.91,8.81,6.82,360.95,95.98,22.77,Normal
2025,8,2,Monsoon,31.62,76.01,1015.26,13.07,68.4,10.49,5.27,127.74,136.49,27.29,Normal
2018,10,12,Post-Monsoon,22.88,56.98,1010.0,11.78,31.42,0.0,7.25,255.7,100.36,14.01,Normal
2018,9,3,Monsoon,23.02,90.71,1010.35,10.0,63.5,61.13,5.01,167.07,113.49,23.19,Rainy
2020,12,3,Winter,19.82,70.65,1018.98,5.8,54.95,0.83,8.18,29.04,115.11,12.74,Cool
2024,12,1,Winter,17.15,65.06,1011.62,11.29,29.32,5.48,5.74,383.94,92.39,9.98,Cool
2020,12,8,Winter,18.88,63.26,1014.06,9.28,42.01,0.0,9.45,129.41,130.86,10.91,Cool
2024,9,22,Monsoon,25.07,81.12,1014.64,7.37,43.01,72.35,3.9,121.19,113.87,21.6,Rainy
2017,1,28,Winter,16.08,72.37,1016.01,6.38,55.28,4.22,6.11,20.0,135.7,8.99,Cool
2023,9,8,Monsoon,22.58,82.66,1013.05,13.16,54.94,81.09,3.12,63.51,122.43,20.13,Rainy
2024,7,11,Monsoon,32.33,74.68,1010.15,14.51,50.33,33.4,6.0,239.2,121.89,28.07,Normal
2025,9,9,Monsoon,23.26,92.56,1015.2,9.96,51.66,43.63,6.81,101.7,115.14,21.99,Rainy
2016,8,5,Monsoon,26.61,85.15,1012.24,3.26,63.6,22.95,3.62,199.03,158.07,23.39,Normal
2020,1,14,Winter,15.84,70.68,1017.36,9.57,68.56,1.23,4.55,88.67,121.07,10.55,Cool
2021,12,28,Winter,17.93,74.05,1018.73,4.34,34.15,0.65,7.12,181.43,96.78,13.0,Cool
2023,8,3,Monsoon,32.04,65.54,1006.88,5.95,35.35,79.53,6.11,548.95,130.02,25.91,Normal
2017,8,21,Monsoon,25.15,81.75,1014.03,3.5,55.18,49.33,5.11,165.57,83.97,21.4,Rainy
2024,11,5,Post-Monsoon,17.99,80.07,1015.22,10.44,60.5,1.92,7.06,40.56,91.39,13.86,Cool
2017,3,5,Summer,27.11,57.68,1010.09,8.39,26.43,5.68,6.46,271.04,102.72,19.5,Normal
2021,1,19,Winter,17.76,61.68,1013.41,7.32,2.35,0.65,6.53,407.97,88.14,10.61,Cool
2018,8,27,Monsoon,28.5,71.39,1009.71,16.17,60.42,69.0,5.43,200.02,149.04,22.63,Normal
2022,3,14,Summer,21.66,56.48,1011.39,9.91,41.31,0.0,10.16,198.73,74.26,13.25,Normal
2021,3,26,Summer,24.94,55.66,1007.88,12.85,10.61,2.0,8.73,417.58,85.11,16.22,Normal
2019,1,4,Winter,17.53,65.23,1018.57,3.82,31.9,2.79,8.09,265.1,113.84,10.95,Cool
2021,11,25,Post-Monsoon,20.11,55.67,1016.58,7.9,50.35,10.05,6.56,127.89,110.88,12.26,Normal
2017,5,13,Summer,32.67,54.3,1010.06,3.15,47.82,0.0,8.71,269.15,118.48,23.25,Hot
2016,10,10,Post-Monsoon,26.2,66.34,1009.74,7.31,51.33,0.06,5.94,216.56,157.7,18.95,Normal
2020,7,25,Monsoon,31.34,67.04,1009.5,11.25,38.52,55.71,8.04,250.07,138.87,24.96,Normal
2016,10,18,Post-Monsoon,21.22,75.14,1017.15,9.88,48.11,1.0,5.5,81.4,139.0,15.82,Normal
2017,9,8,Monsoon,24.43,83.19,1014.48,12.14,51.98,15.88,4.82,168.54,124.82,20.34,Normal
2020,12,8,Winter,16.22,76.21,1015.14,9.87,61.51,4.76,4.78,100.4,101.27,12.26,Cool
2019,7,7,Monsoon,30.81,69.27,1008.83,14.11,31.91,13.99,6.9,392.02,117.86,24.43,Normal
2022,9,8,Monsoon,23.35,86.57,1014.91,18.46,46.58,27.24,5.31,161.7,141.9,19.17,Rainy
2023,8,14,Monsoon,27.87,68.87,1010.32,11.05,54.22,14.38,8.64,198.22,138.55,22.32,Normal
2025,12,19,Winter,19.9,71.92,1007.52,5.18,44.01,5.25,7.77,218.89,109.3,13.93,Cool
2017,2,6,Winter,18.29,68.35,1017.64,8.74,58.22,0.0,6.27,179.07,118.83,12.42,Cool
2024,1,1,Winter,20.45,69.07,1024.34,5.59,34.2,1.26,8.18,223.43,129.31,15.13,Normal
2017,7,23,Monsoon,32.96,63.71,1005.29,16.45,37.31,0.49,6.04,335.39,118.44,25.85,Hot
2017,7,15,Monsoon,29.8,68.51,1006.03,11.15,30.74,113.18,3.51,381.4,119.31,21.88,Normal
2020,8,1,Monsoon,22.83,85.23,1015.31,10.3,55.27,48.3,4.97,122.01,132.56,18.31,Rainy
2015,5,25,Summer,28.72,51.11,1010.94,6.59,10.14,3.06,6.99,525.2,82.2,18.41,Normal
2021,3,17,Summer,26.85,62.67,1015.77,10.16,31.29,8.01,8.69,286.96,126.87,19.34,Normal
2015,12,1,Winter,16.95,58.78,1012.9,7.53,16.79,0.0,10.62,323.68,80.47,9.66,Cool
2019,8,15,Monsoon,25.3,84.77,1015.01,10.07,63.14,55.17,4.33,99.06,145.6,22.49,Rainy
2024,6,23,Monsoon,29.89,66.07,1011.24,17.0,48.46,89.98,4.34,334.99,164.6,25.2,Normal
2022,11,2,Post-Monsoon,19.79,69.66,1015.38,5.43,21.96,1.24,6.94,343.07,97.73,12.53,Cool
2018,3,14,Summer,25.2,65.3,1013.51,8.11,55.24,2.86,6.69,156.33,94.81,18.36,Normal
2019,1,21,Winter,17.41,63.05,1021.73,9.96,67.41,0.0,7.9,20.0,104.15,9.67,Cool
2018,3,8,Summer,23.19,66.8,1017.05,3.11,40.99,7.54,5.55,307.35,110.85,16.74,Normal
2018,5,8,Summer,29.2,59.14,1004.79,9.44,26.62,5.3,8.11,437.94,131.94,22.43,Normal
2022,3,19,Summer,21.97,60.05,1017.7,4.83,68.94,6.03,9.94,95.05,117.21,15.43,Normal
2016,1,7,Winter,21.49,57.2,1014.5,10.47,16.93,0.0,5.59,440.89,101.5,12.97,Normal
2015,5,19,Summer,29.35,43.44,1009.54,5.11,22.0,2.3,7.5,450.14,114.47,18.73,Normal
2017,10,6,Post-Monsoon,23.18,65.19,1013.87,10.08,41.31,0.0,6.9,80.35,94.71,16.39,Normal
2023,7,6,Monsoon,33.41,60.58,1005.81,15.32,51.6,6.58,8.25,234.46,143.93,24.66,Hot
2018,7,3,Monsoon,32.26,73.23,1011.99,14.58,49.9,55.76,6.55,375.01,161.96,26.92,Normal
2024,11,7,Post-Monsoon,16.99,66.47,1017.57,8.75,34.19,1.37,8.29,204.27,84.07,9.88,Cool
2019,9,19,Monsoon,24.89,83.95,1007.9,11.31,42.75,30.54,3.33,168.91,97.61,21.63,Rainy
2016,10,8,Post-Monsoon,20.45,63.08,1013.91,6.27,33.37,1.35,6.74,270.65,101.99,12.38,Normal
2018,10,10,Post-Monsoon,18.51,64.63,1017.56,12.41,26.62,0.0,6.4,372.76,84.5,11.56,Cool
2016,12,20,Winter,17.71,72.78,1022.32,5.9,45.8,2.51,6.76,130.35,87.51,12.51,Cool
2016,3,15,Summer,21.41,66.68,1017.23,4.89,33.57,0.23,7.35,340.04,87.06,15.31,Normal
2018,7,15,Monsoon,32.68,74.41,1003.53,14.0,28.6,19.6,4.66,362.74,128.8,27.8,Normal
2020,1,1,Winter,16.92,71.66,1027.9,5.61,59.39,8.45,6.24,116.86,102.47,12.56,Cool
2021,4,20,Summer,27.94,47.7,1011.3,5.15,19.19,13.82,9.01,477.82,119.13,19.24,Normal
2024,4,7,Summer,28.12,63.59,1015.22,3.67,22.65,0.0,6.79,378.59,109.98,20.52,Normal
2017,5,27,Summer,29.49,61.34,1008.55,6.55,34.06,0.0,7.47,396.68,100.17,22.54,Normal
2017,7,4,Monsoon,31.35,66.27,1009.99,11.75,40.83,1.24,9.37,291.06,127.31,26.3,Normal
2024,7,6,Monsoon,29.02,73.78,1012.85,12.73,25.06,7.39,9.04,300.52,107.18,24.57,Normal
2020,11,25,Post-Monsoon,19.85,65.46,1020.77,10.85,43.34,3.53,4.74,177.29,119.42,13.52,Cool
2017,4,1,Summer,24.54,60.57,1016.85,9.58,22.89,0.42,7.89,322.4,83.41,15.2,Normal
2016,7,5,Monsoon,30.34,76.63,1012.05,11.43,68.84,106.53,7.47,190.92,94.03,25.22,Rainy
2022,11,27,Post-Monsoon,22.2,73.64,1013.0,7.41,52.2,1.22,7.39,106.92,89.14,16.6,Normal
2019,3,23,Summer,21.8,71.55,1012.25,9.53,39.44,2.05,6.96,353.81,108.02,17.22,Normal
2015,6,1,Monsoon,29.51,65.86,1010.47,15.82,30.74,5.71,8.82,373.16,118.69,22.1,Normal
2017,12,4,Winter,18.13,71.64,1020.84,8.38,43.05,0.9,7.22,152.73,112.84,12.39,Cool
2024,2,22,Winter,20.9,74.1,1014.28,6.59,53.63,3.87,7.57,26.91,106.31,16.39,Normal
2022,10,2,Post-Monsoon,21.27,67.16,1019.17,5.02,40.42,1.62,7.01,142.47,97.63,14.08,Normal
2018,9,10,Monsoon,25.08,86.67,1018.06,7.66,53.73,55.68,4.79,20.31,154.21,22.63,Rainy
2021,5,5,Summer,31.46,69.37,1004.11,10.0,43.2,2.3,7.6,383.68,150.4,25.45,Normal
2024,6,27,Monsoon,33.44,78.67,1003.04,13.73,42.69,27.36,6.85,266.37,154.23,29.88,Rainy
2016,12,10,Winter,17.9,69.23,1016.71,9.73,38.27,0.5,6.62,279.33,114.13,12.28,Cool
2021,12,1,Winter,16.47,76.09,1019.5,7.61,22.85,4.04,6.02,66.48,115.27,12.19,Cool
2019,12,22,Winter,18.48,67.98,1014.77,12.22,53.07,0.32,4.92,216.52,95.56,12.24,Cool
2019,12,6,Winter,21.18,64.71,1020.38,6.55,42.35,0.0,7.01,170.55,114.37,12.78,Normal
2020,4,13,Summer,27.21,56.65,1012.45,10.87,23.04,8.06,8.98,445.43,98.73,18.65,Normal
2023,11,15,Post-Monsoon,15.79,80.33,1018.9,7.88,74.05,0.0,6.93,20.0,94.3,11.9,Cool
2020,10,4,Post-Monsoon,22.94,57.23,1008.0,6.17,33.83,2.82,6.73,317.79,81.25,14.99,Normal
2022,7,13,Monsoon,29.8,85.51,1003.68,13.78,42.97,45.01,2.6,242.98,141.42,26.56,Rainy
2021,12,24,Winter,12.22,76.1,1022.37,9.23,58.16,2.93,6.43,20.0,107.67,7.47,Cool
2023,9,20,Monsoon,25.86,68.53,1003.16,13.07,46.6,19.54,7.82,137.86,115.41,19.63,Normal
2018,7,24,Monsoon,28.88,78.18,1013.63,12.24,54.28,66.62,4.29,139.54,122.54,23.95,Rainy
2016,1,15,Winter,17.74,52.94,1016.75,7.89,24.24,0.0,6.56,341.68,66.93,7.4,Cool
2021,1,8,Winter,18.67,71.18,1029.7,15.17,49.35,0.0,6.31,86.87,116.1,13.21,Cool
2020,9,5,Monsoon,24.42,85.82,1021.94,15.55,52.51,79.43,4.4,31.82,121.27,22.39,Rainy
2015,11,15,Post-Monsoon,19.5,61.9,1015.43,10.17,43.2,2.85,9.09,214.23,124.19,11.38,Cool
2025,9,4,Monsoon,23.04,81.73,1013.25,12.34,29.52,52.91,4.65,131.22,123.83,19.21,Rainy
2023,4,12,Summer,28.63,71.51,1013.74,11.02,39.0,0.0,8.26,389.73,138.45,23.6,Normal
2023,9,13,Monsoon,23.43,76.97,1020.21,13.55,69.24,15.05,7.37,215.77,122.69,19.57,Normal
2016,3,2,Summer,25.63,53.12,1005.31,8.08,20.3,0.23,6.86,313.7,114.74,16.44,Normal
2017,7,27,Monsoon,31.42,83.7,1000.66,11.09,46.71,36.32,6.73,326.8,152.78,28.49,Rainy
2019,6,19,Monsoon,28.94,89.29,1007.05,11.76,53.06,32.18,5.3,239.4,131.88,27.23,Rainy
2019,8,19,Monsoon,29.89,74.73,1011.21,2.49,32.2,32.47,4.51,291.07,137.03,25.4,Normal
2015,11,4,Post-Monsoon,16.76,75.6,1020.06,8.63,20.98,1.51,8.78,244.61,100.35,11.02,Cool
2022,9,4,Monsoon,25.78,87.79,1016.03,10.53,54.47,112.89,2.88,176.78,127.67,24.87,Rainy
2022,5,26,Summer,30.87,50.62,1003.39,12.78,29.13,1.22,6.09,429.74,147.6,21.21,Normal
2018,1,11,Winter,21.98,60.42,1005.15,8.06,34.71,0.0,6.92,57.2,121.97,14.65,Normal
2021,3,27,Summer,23.51,71.06,1016.78,4.43,42.11,7.3,5.7,385.87,108.36,17.11,Normal
2025,10,5,Post-Monsoon,19.73,77.64,1012.68,7.85,49.63,0.0,5.75,173.29,123.62,15.11,Cool
2024,12,20,Winter,16.96,72.28,1009.86,4.86,57.1,0.98,6.38,71.63,86.99,11.71,Cool
2017,8,11,Monsoon,26.83,71.29,1011.6,13.42,41.75,13.73,6.36,231.87,119.19,19.65,Normal
2020,11,10,Post-Monsoon,19.7,79.78,1019.18,8.87,43.94,0.33,6.05,126.39,99.3,14.93,Cool
2024,6,8,Monsoon,27.44,73.18,1010.1,14.87,42.17,37.2,5.83,403.93,133.11,21.5,Normal
2024,8,6,Monsoon,25.18,76.59,1010.34,9.63,55.22,29.97,6.59,213.1,120.76,19.48,Rainy
2023,9,6,Monsoon,21.65,84.51,1014.01,12.1,71.55,51.34,3.91,71.46,128.83,18.64,Rainy
2015,4,8,Summer,29.59,67.85,1007.6,3.9,33.74,2.74,8.6,247.37,139.05,23.1,Normal
2019,1,23,Winter,21.7,70.05,1009.22,10.1,44.22,0.0,5.63,137.89,106.83,16.85,Normal
2018,1,15,Winter,17.71,70.57,1014.55,9.56,47.51,0.0,7.8,146.55,101.98,10.92,Cool
2022,10,26,Post-Monsoon,20.13,68.73,1017.8,9.49,30.07,1.51,9.12,321.55,110.36,14.06,Normal
2025,4,14,Summer,27.65,59.02,1011.73,8.0,34.46,4.37,7.55,323.84,102.81,18.75,Normal
2015,12,11,Winter,19.56,69.91,1016.78,9.24,25.34,0.0,7.34,320.83,110.12,12.16,Cool
2023,7,12,Monsoon,28.02,58.67,1006.2,16.81,12.71,89.74,4.49,422.59,117.7,20.23,Normal
2020,2,26,Winter,21.02,62.6,1014.36,7.14,41.48,0.0,7.0,230.21,114.65,14.08,Normal
2018,3,13,Summer,26.15,61.76,1002.79,8.42,31.8,0.75,9.54,313.87,124.61,18.94,Normal
2023,1,8,Winter,19.04,58.41,1017.19,4.74,36.15,3.44,8.72,129.77,76.38,9.67,Cool
2025,5,18,Summer,30.48,58.87,1014.18,5.4,33.88,0.0,8.38,382.4,99.29,22.32,Normal
2019,1,25,Winter,20.14,64.04,1009.81,8.29,26.52,2.9,5.12,233.98,87.64,13.43,Normal
2019,8,1,Monsoon,21.55,94.49,1012.37,15.31,62.05,34.94,3.65,211.46,128.98,21.21,Rainy
2019,1,15,Winter,19.43,77.12,1017.52,7.23,33.9,5.27,8.56,172.72,108.94,15.36,Cool
2015,11,8,Post-Monsoon,16.5,65.49,1023.26,7.29,56.08,0.0,7.91,133.09,65.39,10.37,Cool
2015,1,28,Winter,13.91,70.02,1018.27,6.78,26.75,4.29,7.63,172.37,137.06,8.77,Cool
2022,2,11,Winter,21.62,63.62,1011.89,6.4,35.55,0.0,7.75,272.0,75.61,14.43,Normal
2022,2,12,Winter,23.52,59.27,1005.46,8.88,21.91,1.28,7.08,312.28,111.75,15.77,Normal
2020,12,12,Winter,16.7,69.94,1018.53,3.51,49.79,3.0,7.43,66.95,118.14,11.48,Cool
2025,6,4,Monsoon,33.1,66.51,1014.8,15.84,36.23,60.74,3.99,562.86,117.01,26.71,Normal
2018,7,16,Monsoon,33.61,63.44,1007.38,10.0,31.53,1.04,5.61,362.55,140.5,27.26,Hot
2016,5,4,Summer,32.95,58.3,1006.64,10.17,43.88,0.78,7.02,317.37,108.53,25.31,Hot
2016,1,5,Winter,21.55,68.62,1016.01,4.19,42.25,0.0,7.43,239.97,117.16,14.76,Normal
2023,1,24,Winter,19.57,60.36,1016.06,10.01,41.48,0.0,5.89,147.87,68.09,10.6,Cool
2019,3,5,Summer,24.17,68.12,1009.63,10.02,29.72,4.0,7.28,344.48,137.9,17.81,Normal
2018,2,8,Winter,16.98,63.9,1021.21,9.15,21.26,5.92,6.19,369.02,103.44,8.81,Cool
2024,5,10,Summer,29.52,58.8,1010.04,5.02,35.33,5.53,6.71,395.09,92.36,21.35,Normal
2015,12,17,Winter,15.14,75.71,1019.27,8.75,43.74,2.25,8.2,300.87,119.1,10.28,Cool
2021,10,28,Post-Monsoon,25.28,60.62,1008.21,4.45,43.01,2.81,7.73,165.6,145.51,18.44,Normal
2017,6,26,Monsoon,30.61,77.23,1013.58,11.24,47.83,74.29,3.65,381.51,115.32,26.46,Rainy
2020,7,9,Monsoon,30.33,70.69,1011.23,15.09,46.01,40.12,6.27,322.57,124.71,25.25,Normal
2019,4,22,Summer,28.71,56.38,1007.49,10.39,12.63,1.02,6.26,543.26,107.69,19.6,Normal
2019,7,19,Monsoon,30.16,73.02,1012.7,12.05,68.07,50.74,6.08,186.22,117.18,25.99,Normal
2025,11,14,Post-Monsoon,21.67,58.87,1012.64,5.08,32.13,1.58,9.17,388.31,93.3,14.16,Normal
2019,8,8,Monsoon,26.13,76.85,1008.38,13.94,56.85,63.09,5.84,162.82,114.19,21.84,Rainy
2015,11,9,Post-Monsoon,18.37,56.23,1013.91,8.06,21.95,2.2,10.6,354.22,91.45,8.17,Cool
2015,1,22,Winter,16.3,65.49,1011.3,1.04,43.09,1.42,5.05,271.41,98.46,10.34,Cool
2017,6,11,Monsoon,28.1,74.32,1012.02,14.35,30.82,108.99,4.23,335.56,117.83,24.38,Normal
2024,8,23,Monsoon,26.15,76.27,1004.17,11.93,53.44,75.51,3.16,275.44,139.03,21.42,Rainy
2018,5,1,Summer,29.98,54.93,1003.9,11.61,26.67,0.0,7.95,433.98,131.42,20.99,Normal
2019,4,14,Summer,26.56,59.27,1002.91,4.71,34.76,1.66,7.81,264.18,89.18,18.0,Normal
2016,2,5,Winter,18.98,69.88,1016.17,0.5,51.28,0.0,9.84,51.67,100.83,11.65,Cool
2022,6,21,Monsoon,27.91,82.61,1009.66,12.84,38.29,13.65,5.8,306.51,152.11,23.98,Normal
2025,6,26,Monsoon,30.82,69.32,1006.92,12.87,34.24,26.76,6.38,437.76,132.95,26.01,Normal
2025,11,14,Post-Monsoon,14.63,62.01,1015.39,2.93,42.1,0.55,8.85,48.62,106.74,7.89,Cool
2016,1,4,Winter,19.61,58.66,1011.38,5.06,59.1,6.93,7.66,123.04,112.34,10.72,Cool
2023,9,22,Monsoon,24.18,76.43,1014.73,20.27,46.48,120.22,5.84,265.74,117.17,19.0,Rainy
2016,12,23,Winter,13.79,68.72,1017.94,7.08,49.07,0.0,7.99,38.84,102.3,9.25,Cool
2023,11,25,Post-Monsoon,17.26,62.68,1018.99,10.19,35.86,3.17,8.53,182.42,97.19,8.98,Cool
2021,6,1,Monsoon,29.35,66.12,1005.72,10.05,63.2,17.63,4.69,257.17,141.73,22.0,Normal
2022,3,22,Summer,24.7,58.18,1013.23,1.73,12.57,0.0,10.31,494.81,104.63,15.99,Normal
2025,4,23,Summer,30.45,57.47,1013.7,7.49,34.11,0.0,7.19,471.03,119.73,20.86,Normal
2016,12,19,Winter,12.87,76.18,1023.13,7.2,28.44,2.95,6.58,182.11,116.6,7.68,Cool
2021,11,8,Post-Monsoon,18.19,63.33,1015.42,6.8,7.58,0.0,6.78,323.61,97.99,10.44,Cool
2020,4,15,Summer,27.15,56.28,1011.83,7.66,35.59,0.0,6.83,469.25,115.12,17.68,Normal
2018,3,21,Summer,25.48,54.18,1011.0,8.79,32.02,1.22,6.73,285.58,106.21,17.38,Normal
2021,10,15,Post-Monsoon,20.97,64.51,1015.15,7.55,35.19,0.99,7.58,290.71,109.19,12.94,Normal
2018,3,9,Summer,22.35,57.55,1012.86,4.21,31.77,1.52,5.57,484.23,103.62,13.74,Normal
2016,3,21,Summer,23.3,66.64,1012.83,9.46,77.49,1.0,7.02,109.86,108.99,15.93,Cloudy
2024,4,9,Summer,25.75,47.93,1012.62,2.15,22.24,2.15,9.86,502.69,96.73,15.17,Normal
2021,7,10,Monsoon,32.43,69.9,1003.13,5.85,49.04,26.49,7.2,364.3,128.42,25.67,Normal
2022,4,20,Summer,27.55,60.92,1006.45,10.22,27.94,0.73,8.24,420.78,136.8,19.79,Normal
2016,9,25,Monsoon,28.18,77.52,1004.52,13.52,52.56,81.64,3.46,222.27,140.09,23.94,Rainy
2019,1,21,Winter,17.8,86.43,1010.94,7.83,53.28,0.0,4.05,47.61,88.94,16.21,Cool
2015,8,26,Monsoon,25.94,80.7,1006.77,7.81,46.63,29.17,6.87,312.95,118.73,21.61,Rainy
2021,7,9,Monsoon,26.73,70.51,1011.73,9.88,65.24,34.77,5.66,213.14,113.06,22.13,Normal
2022,2,3,Winter,16.53,68.05,1014.66,7.21,55.57,0.0,7.14,30.78,79.25,9.5,Cool
2020,8,20,Monsoon,24.01,67.55,1015.04,7.21,42.68,11.09,6.76,303.37,122.29,17.34,Normal
2019,1,25,Winter,18.53,66.36,1016.97,5.78,12.44,0.0,8.16,194.52,104.42,13.21,Cool
2020,11,26,Post-Monsoon,19.06,60.62,1008.59,9.96,31.16,9.1,9.74,307.76,142.27,13.5,Cool
2016,12,11,Winter,13.52,77.84,1022.95,12.28,81.71,1.99,8.26,20.0,103.33,10.44,Cloudy
2015,9,6,Monsoon,25.97,74.38,1014.86,10.74,43.74,76.65,2.08,356.88,109.45,20.67,Normal
2021,9,2,Monsoon,22.94,80.14,1009.77,14.27,64.35,14.97,5.65,130.0,107.4,19.38,Normal
2021,2,7,Winter,20.82,60.41,1016.9,2.26,52.63,0.0,6.16,234.19,102.0,13.45,Normal
2024,7,18,Monsoon,33.61,83.52,1002.85,13.98,56.45,65.66,5.64,126.57,150.64,30.59,Rainy
2025,10,27,Post-Monsoon,22.47,61.13,1014.46,5.59,25.8,0.0,7.73,363.21,123.47,13.89,Normal
2024,3,2,Summer,23.41,75.36,1008.36,8.92,18.06,0.0,7.45,317.4,170.64,18.67,Normal
2016,7,27,Monsoon,28.1,82.01,1002.96,11.26,60.82,16.75,5.37,256.11,109.7,24.1,Normal
2016,12,17,Winter,12.27,75.94,1019.68,11.96,37.97,0.0,5.44,93.04,104.66,6.68,Cool
2015,10,11,Post-Monsoon,18.92,69.16,1016.06,5.38,44.44,1.07,6.09,200.39,98.23,12.5,Cool
2024,9,27,Monsoon,23.54,83.17,1011.73,13.88,38.54,72.68,2.52,149.03,129.62,20.42,Rainy
2022,4,12,Summer,25.33,47.31,1007.33,7.16,21.67,0.0,7.17,461.37,133.41,15.59,Normal
2022,12,27,Winter,16.71,66.61,1016.5,7.53,40.69,0.0,5.57,321.26,121.31,9.83,Cool
2015,1,19,Winter,18.11,73.22,1018.2,7.45,48.8,0.0,5.63,179.76,89.78,12.69,Cool
2025,2,22,Winter,20.01,65.25,1015.62,5.46,25.82,0.03,6.12,302.55,121.26,13.7,Normal
2022,1,24,Winter,16.51,58.91,1018.97,7.96,48.49,1.47,8.31,20.0,64.61,8.35,Cool
2023,12,25,Winter,17.37,67.6,1014.96,7.81,33.92,9.29,7.46,176.96,63.85,11.2,Cool
2018,5,7,Summer,31.03,67.6,1012.76,8.72,20.98,0.0,7.74,468.1,121.67,24.62,Normal
2015,5,20,Summer,27.66,67.43,1005.73,8.25,39.64,8.7,8.47,296.94,133.5,21.31,Normal
2015,11,6,Post-Monsoon,21.04,64.23,1017.02,10.39,38.8,1.86,7.36,306.67,117.34,13.02,Normal
2017,7,21,Monsoon,29.85,81.4,1013.64,14.77,54.05,80.81,3.34,223.54,167.53,26.22,Rainy
2019,9,24,Monsoon,24.04,77.4,1014.89,8.85,65.26,20.6,8.72,173.06,125.58,20.66,Normal
2019,9,1,Monsoon,25.56,66.67,1011.1,14.61,37.5,52.67,7.1,291.42,116.92,19.03,Normal
2023,3,17,Summer,24.51,55.07,1010.53,4.44,29.62,0.0,8.33,330.11,132.21,14.86,Normal
2024,3,11,Summer,26.1,71.05,1015.68,9.76,30.6,0.0,7.13,271.05,114.33,21.49,Normal
2016,3,22,Summer,24.63,59.51,1006.87,9.86,44.46,1.13,8.15,185.85,121.78,17.11,Normal
2016,4,26,Summer,26.15,58.36,1007.61,2.27,35.9,2.77,7.6,423.42,123.94,18.44,Normal
2020,8,28,Monsoon,28.3,74.04,1008.4,12.28,41.19,22.81,6.4,248.42,109.06,23.69,Normal
2023,6,18,Monsoon,28.48,89.29,1014.81,10.59,35.58,50.62,5.08,347.64,140.23,25.44,Rainy
2015,8,21,Monsoon,27.74,88.02,1011.9,9.72,74.75,47.53,3.78,22.05,174.03,25.86,Rainy
2023,1,17,Winter,17.86,83.05,1013.42,12.05,38.71,9.88,3.98,84.37,135.23,15.58,Cool
2023,8,7,Monsoon,27.04,76.15,1009.63,10.04,40.82,13.26,3.85,313.96,110.49,21.89,Normal
2023,4,17,Summer,27.22,61.17,1008.29,5.58,40.24,1.7,8.74,263.48,161.17,17.91,Normal
2019,11,20,Post-Monsoon,13.8,60.57,1017.3,8.23,21.09,0.08,5.86,285.25,109.55,6.2,Cool
2023,1,9,Winter,16.73,78.88,1022.0,10.06,32.18,1.15,7.01,119.1,118.3,12.53,Cool
2025,8,17,Monsoon,27.7,68.49,1004.92,11.58,16.31,27.42,5.13,394.57,119.43,20.16,Normal
2018,4,20,Summer,27.85,60.05,1016.74,11.5,43.69,0.0,6.43,301.25,132.08,20.35,Normal
2016,6,22,Monsoon,28.74,68.05,1013.0,13.59,34.9,34.83,5.5,347.79,126.04,22.77,Normal
2020,8,22,Monsoon,30.28,70.22,1012.96,5.47,78.3,26.95,6.64,141.05,131.14,23.16,Cloudy
2018,4,28,Summer,25.59,54.7,1010.03,6.41,18.83,4.27,6.52,459.85,109.62,18.05,Normal
2020,3,8,Summer,26.13,55.83,1010.91,6.31,20.6,0.0,7.35,613.23,131.0,17.9,Normal
2017,9,17,Monsoon,24.94,75.38,1006.61,13.44,40.52,41.55,5.65,268.39,137.61,18.5,Rainy
2020,3,7,Summer,22.58,59.44,1011.9,0.5,37.47,0.01,6.39,173.82,108.42,15.12,Normal
2016,9,1,Monsoon,27.91,82.32,1012.24,19.65,47.21,23.87,7.35,169.64,102.84,25.0,Normal
2016,2,13,Winter,17.87,59.78,1022.47,9.59,42.17,0.0,5.75,219.77,105.23,10.96,Cool
2023,2,23,Winter,22.52,64.87,1009.61,8.45,27.16,2.39,7.14,255.5,99.73,15.0,Normal
2021,2,19,Winter,22.7,71.69,1012.45,11.54,27.78,7.4,8.32,283.08,107.51,17.71,Normal
2017,6,27,Monsoon,29.52,71.44,1008.53,19.03,22.57,54.5,4.05,382.24,123.49,23.62,Normal
2025,3,24,Summer,27.06,54.22,1005.27,10.61,3.69,6.36,7.91,517.45,93.7,17.46,Normal
2015,9,19,Monsoon,23.45,78.88,1015.75,14.85,43.89,38.73,5.67,77.8,92.7,18.53,Rainy
2022,4,17,Summer,28.14,66.54,1007.21,8.39,36.62,0.46,6.36,402.35,127.83,19.92,Normal
2020,1,13,Winter,18.51,68.3,1016.06,7.58,34.06,0.0,7.13,112.15,109.21,12.6,Cool
2021,4,16,Summer,27.2,55.4,1008.95,6.57,46.24,6.6,8.63,278.74,116.73,18.07,Normal
2023,1,8,Winter,19.72,69.24,1012.84,5.52,57.13,0.02,6.59,42.14,122.0,11.39,Cool
2019,5,19,Summer,31.81,47.26,1007.51,5.94,20.79,8.59,9.39,508.22,106.27,21.32,Normal
2015,4,18,Summer,23.65,67.08,1012.38,3.95,19.14,7.6,7.59,404.21,120.68,18.0,Normal
2024,8,1,Monsoon,30.37,77.13,1007.05,11.77,41.9,27.21,5.22,284.34,155.19,24.75,Rainy
2021,8,14,Monsoon,23.84,77.99,1010.2,6.95,42.19,84.66,5.78,340.76,117.15,18.87,Rainy
2019,7,19,Monsoon,32.33,66.63,1008.44,12.57,32.42,32.09,5.64,428.21,162.77,26.01,Normal
2017,3,15,Summer,26.48,53.56,1017.88,7.89,21.48,0.89,9.26,400.51,113.94,15.14,Normal
2023,1,18,Winter,15.54,73.36,1019.48,8.44,37.85,5.41,5.86,221.33,91.5,9.78,Cool
2015,1,2,Winter,17.03,76.87,1021.86,6.43,43.86,8.04,6.04,284.51,126.45,12.69,Cool
2015,12,22,Winter,14.57,66.03,1014.04,17.23,32.2,3.38,7.1,284.15,99.61,7.32,Cool
2015,11,28,Post-Monsoon,17.46,71.09,1018.21,12.08,46.37,4.9,7.31,127.4,128.34,10.64,Cool
2017,3,17,Summer,23.32,48.0,1009.08,4.27,29.72,0.19,5.74,455.96,113.9,11.92,Normal
2020,6,18,Monsoon,32.72,68.06,1000.99,12.7,30.52,51.25,6.5,419.35,123.74,25.04,Normal
2024,7,6,Monsoon,32.94,71.73,1003.78,10.18,59.64,72.49,5.04,144.55,161.35,26.78,Normal
2025,6,19,Monsoon,34.07,64.57,1010.72,8.96,26.89,14.11,7.47,408.01,120.82,27.83,Hot
2017,6,4,Monsoon,29.76,68.26,1012.77,7.98,22.19,39.53,6.84,334.24,85.65,25.3,Normal
2022,6,1,Monsoon,30.54,69.44,1009.39,13.3,47.12,31.82,6.82,137.28,144.18,24.46,Normal
2024,3,8,Summer,20.3,67.38,1009.46,5.96,31.09,0.0,4.87,244.1,117.05,14.39,Normal
2016,6,23,Monsoon,29.23,73.98,1008.56,14.9,50.04,33.62,4.71,278.38,151.74,23.27,Normal
2023,8,7,Monsoon,29.62,59.27,1010.27,14.98,5.57,60.47,6.74,519.95,103.18,19.8,Normal
2017,11,3,Post-Monsoon,21.49,49.41,1015.46,12.12,43.24,0.73,8.76,120.56,100.98,12.86,Normal
2019,11,10,Post-Monsoon,15.22,65.65,1011.77,5.44,47.59,3.06,6.38,20.0,97.2,7.88,Cool
2024,2,10,Winter,19.2,69.53,1012.8,9.43,24.62,1.51,7.98,403.75,126.36,13.68,Cool
2022,5,19,Summer,30.0,37.36,1008.54,9.9,0.0,0.0,9.08,632.54,121.04,17.6,Normal
2016,1,14,Winter,18.55,63.4,1018.96,6.58,57.79,2.22,8.57,213.27,112.35,12.03,Cool
2020,12,2,Winter,15.22,66.22,1010.36,5.68,31.13,0.0,8.82,338.16,106.6,9.23,Cool
2019,1,28,Winter,18.87,76.33,1015.94,12.83,38.06,0.69,6.97,231.99,92.48,14.36,Cool
2024,5,1,Summer,29.02,54.79,1010.06,8.68,3.64,6.47,8.67,566.45,129.81,20.29,Normal
2023,12,23,Winter,16.97,71.01,1021.32,9.91,39.6,1.25,6.27,146.85,122.28,12.14,Cool
2019,3,23,Summer,25.2,61.91,1014.93,5.53,33.79,1.52,8.7,359.67,157.1,17.26,Normal
2016,4,28,Summer,27.51,43.92,1012.87,4.34,30.72,0.0,9.19,400.02,119.47,17.54,Normal
2019,3,18,Summer,23.04,68.24,1010.47,6.29,24.8,0.0,6.87,301.7,126.14,16.12,Normal
2018,1,7,Winter,17.7,69.18,1009.78,7.63,24.1,0.1,5.69,128.36,115.7,11.59,Cool
2025,1,8,Winter,17.74,71.19,1015.81,4.81,49.36,3.99,6.33,125.43,97.56,12.48,Cool
2021,12,1,Winter,16.19,96.52,1022.48,7.97,76.29,1.97,3.86,20.0,143.8,14.19,Cloudy
2020,12,25,Winter,16.43,54.22,1023.87,2.93,11.53,0.0,9.12,459.21,96.47,8.38,Cool
2016,5,23,Summer,33.58,65.45,1009.14,4.64,52.34,0.0,8.88,271.52,128.04,27.05,Normal
2025,6,3,Monsoon,32.23,70.58,1008.95,14.01,43.91,38.01,7.21,249.83,128.7,28.99,Normal
2025,3,24,Summer,23.35,64.6,1014.97,9.81,51.78,0.29,10.45,266.92,114.55,17.93,Normal
2019,12,23,Winter,18.53,66.6,1014.6,6.82,39.44,0.33,6.78,185.51,99.67,11.84,Cool
2021,9,27,Monsoon,23.27,77.69,1012.99,8.95,18.89,16.19,6.87,326.3,122.74,20.23,Normal
2025,5,8,Summer,32.64,50.23,1013.63,4.92,25.36,2.09,7.01,352.29,119.36,23.37,Hot
2021,8,22,Monsoon,28.31,78.42,1006.21,10.88,62.46,26.95,5.6,297.66,126.99,24.18,Rainy
2019,1,25,Winter,17.7,57.05,1023.87,9.93,21.91,0.0,6.23,369.26,110.29,7.78,Cool
2023,5,15,Summer,31.05,60.91,1006.78,10.78,31.07,2.55,8.35,455.33,125.33,22.09,Normal
2018,3,5,Summer,20.54,62.2,1020.72,6.51,34.64,4.12,7.12,243.57,99.1,12.99,Normal
2025,12,3,Winter,14.52,62.62,1014.01,4.54,2.3,0.0,5.15,406.37,83.9,6.65,Cool
2017,1,19,Winter,15.31,66.67,1021.43,8.8,60.39,11.59,6.22,76.18,107.07,8.83,Cool
2018,4,1,Summer,27.81,67.37,1007.38,5.53,30.08,7.73,9.24,410.9,108.5,22.39,Normal
2019,5,28,Summer,33.87,49.37,1000.43,6.45,32.56,0.0,9.04,511.96,108.4,24.44,Hot
2020,7,15,Monsoon,34.97,72.64,1006.19,15.98,44.07,41.84,6.79,194.93,121.69,28.94,Normal
2017,1,8,Winter,19.34,61.08,1020.3,10.48,50.95,0.22,7.87,72.56,112.66,12.3,Cool
2016,3,2,Summer,25.1,66.31,1008.85,8.47,44.92,1.54,7.1,282.34,140.07,17.63,Normal
2018,2,3,Winter,16.54,73.51,1012.23,4.18,42.99,11.43,6.59,154.19,115.09,10.33,Cool
2019,9,24,Monsoon,22.81,94.01,1013.47,12.63,51.49,70.34,3.96,188.81,144.1,21.91,Rainy
2018,10,14,Post-Monsoon,18.77,65.48,1016.31,11.19,48.96,3.07,6.02,150.91,107.78,11.21,Cool
2025,6,24,Monsoon,29.63,79.61,1011.25,10.87,28.21,23.4,6.76,288.42,132.59,25.04,Normal
2017,10,14,Post-Monsoon,20.13,66.17,1019.51,12.05,47.69,5.69,8.57,59.15,141.04,14.16,Normal
2022,3,11,Summer,22.96,72.01,1013.49,11.88,31.42,1.06,6.7,331.09,131.77,17.89,Normal
2024,8,16,Monsoon,23.15,75.74,1021.02,16.99,62.62,37.99,5.12,191.87,138.18,18.0,Rainy
2018,8,4,Monsoon,29.15,80.58,1010.3,12.92,53.4,49.98,4.22,262.74,127.0,23.96,Rainy
2016,2,20,Winter,18.14,65.91,1015.72,9.76,47.46,0.0,9.5,207.15,108.07,10.73,Cool
2016,6,5,Monsoon,31.53,72.78,1001.29,16.24,46.21,56.51,4.95,30.91,138.54,27.64,Normal
2015,7,22,Monsoon,34.63,71.08,1004.51,13.34,22.84,101.92,5.26,451.23,122.34,29.61,Normal
2018,2,21,Winter,18.48,68.74,1015.52,6.5,31.66,0.0,6.96,162.01,66.14,13.36,Cool
2024,11,14,Post-Monsoon,12.37,71.65,1024.98,6.65,52.39,7.66,6.5,20.0,109.63,6.91,Cool
2023,10,23,Post-Monsoon,19.87,67.22,1017.74,8.72,42.78,1.96,6.33,67.52,128.28,13.03,Cool
2025,2,16,Winter,22.92,74.02,1009.04,4.13,60.39,2.42,5.59,20.0,121.02,18.45,Normal
2021,10,18,Post-Monsoon,24.81,68.17,1013.12,7.57,46.38,4.84,8.0,204.04,108.37,19.47,Normal
2024,1,7,Winter,15.23,75.97,1021.82,11.29,36.18,0.0,5.49,140.61,101.48,10.04,Cool
2021,8,10,Monsoon,28.59,72.68,1015.9,5.43,35.59,61.88,5.92,206.23,89.43,22.56,Normal
2021,1,7,Winter,16.91,62.15,1021.51,12.6,37.96,3.21,7.68,218.19,97.88,8.13,Cool
2022,9,1,Monsoon,23.77,86.9,1016.21,15.37,28.75,50.13,5.57,197.22,104.48,20.56,Rainy
2015,11,23,Post-Monsoon,23.76,68.35,1013.41,6.62,61.76,6.66,6.32,138.81,106.24,17.96,Normal
2024,6,21,Monsoon,27.69,86.98,1011.97,13.63,61.89,73.02,5.38,273.67,112.15,24.61,Rainy
2024,7,19,Monsoon,30.62,69.81,1013.36,12.01,57.58,28.22,6.24,212.85,106.4,25.33,Normal
2022,10,16,Post-Monsoon,21.53,62.62,1009.4,11.69,18.13,2.54,10.66,450.17,91.35,15.63,Normal
2018,7,19,Monsoon,32.45,60.92,1005.69,14.95,50.67,25.62,5.16,384.6,139.03,24.65,Hot
2018,10,4,Post-Monsoon,20.72,62.21,1012.21,3.8,63.54,5.72,10.42,110.9,102.47,13.14,Normal
2018,3,28,Summer,24.68,68.37,1014.04,9.76,25.84,11.25,6.78,458.29,97.41,18.79,Normal
2020,2,18,Winter,19.64,62.66,1020.97,7.38,46.38,0.0,7.88,154.72,122.44,11.71,Cool
2021,9,2,Monsoon,24.59,83.95,1010.2,12.25,54.17,42.41,4.34,20.0,128.82,20.86,Rainy
2020,8,1,Monsoon,26.74,76.2,1001.52,9.82,29.42,71.92,2.99,228.87,81.71,21.49,Rainy
2015,12,15,Winter,18.37,69.34,1015.29,13.24,48.38,3.52,6.42,83.8,128.05,11.32,Cool
2022,10,5,Post-Monsoon,19.69,57.85,1019.67,11.12,43.28,1.36,7.48,264.73,107.82,11.98,Cool
2024,7,20,Monsoon,30.89,74.39,1010.33,9.78,39.3,23.24,6.43,236.3,144.33,25.37,Normal
2025,9,11,Monsoon,23.94,59.12,1014.76,8.0,48.29,29.08,8.48,189.32,109.82,16.65,Normal
2021,4,10,Summer,29.98,55.31,1007.7,6.84,11.25,0.0,8.36,402.39,147.14,21.46,Normal
2020,4,2,Summer,27.39,47.54,1005.51,9.3,7.09,2.91,8.85,486.44,103.67,16.88,Normal
2020,1,3,Winter,14.04,79.41,1022.04,8.72,52.17,1.3,6.87,189.27,61.02,10.57,Cool
2019,8,23,Monsoon,30.28,79.79,1005.27,15.76,51.14,30.43,3.55,234.28,116.9,25.48,Rainy
2020,12,23,Winter,15.01,73.36,1028.03,10.37,37.09,0.0,4.87,142.22,115.03,9.06,Cool
2023,3,12,Summer,22.56,73.94,1016.29,10.91,55.87,6.78,4.86,243.3,121.95,17.92,Normal
2024,7,20,Monsoon,28.75,69.08,1007.35,12.98,48.64,82.11,4.66,280.88,123.4,20.81,Normal
2023,12,5,Winter,20.02,77.81,1013.34,3.83,59.55,2.96,4.23,57.33,99.56,15.6,Normal
2024,2,5,Winter,15.8,75.9,1018.37,7.41,46.25,4.87,5.74,245.88,109.39,11.45,Cool
2022,2,6,Winter,27.4,57.28,1009.66,11.18,40.06,0.0,6.35,222.5,117.33,19.91,Normal
2024,7,9,Monsoon,32.39,80.4,1011.6,11.85,45.97,12.15,6.65,329.56,135.49,29.68,Normal
2023,6,2,Monsoon,31.49,65.51,1008.5,13.51,64.06,12.41,7.63,273.05,139.02,24.49,Normal
2024,3,21,Summer,23.88,56.34,1010.16,7.04,22.32,0.73,7.68,376.21,113.73,15.76,Normal
2022,9,12,Monsoon,24.63,75.17,1020.12,8.91,72.4,55.39,3.07,20.0,119.52,19.02,Rainy
2022,10,3,Post-Monsoon,21.65,60.42,1014.84,7.63,35.75,0.0,7.49,263.22,91.97,13.37,Normal
2015,6,20,Monsoon,32.42,65.03,1010.18,12.93,22.52,43.19,6.76,523.21,151.67,26.52,Normal
2024,10,26,Post-Monsoon,21.72,72.61,1012.16,6.03,61.51,0.0,7.89,147.57,153.35,16.21,Normal
2025,10,22,Post-Monsoon,20.7,63.16,1016.76,7.29,39.04,0.34,9.67,357.1,141.49,13.46,Normal
2019,6,12,Monsoon,30.57,76.56,1009.65,9.18,58.46,27.84,7.29,182.75,145.06,25.05,Rainy
2018,1,24,Winter,17.61,63.76,1009.92,11.36,52.7,0.15,7.73,186.03,76.67,10.7,Cool
2016,4,17,Summer,27.07,46.49,1018.91,7.12,28.25,0.42,8.39,347.96,78.94,16.97,Normal
2022,10,10,Post-Monsoon,22.99,64.8,1018.87,12.36,31.73,0.0,6.57,287.61,103.82,16.53,Normal
2017,6,24,Monsoon,32.31,59.14,1005.6,16.59,46.02,25.11,8.86,406.42,125.27,23.16,Hot
2018,6,27,Monsoon,24.53,79.04,1008.22,11.76,50.24,12.75,6.35,319.51,122.16,21.14,Normal
2021,11,14,Post-Monsoon,19.38,56.58,1017.62,4.97,40.49,8.19,8.59,223.77,108.76,9.9,Cool
2024,12,23,Winter,17.43,81.83,1017.95,1.74,26.62,2.74,5.5,200.29,87.53,13.77,Cool
2023,5,17,Summer,30.02,62.96,1010.21,3.58,42.73,1.69,6.06,257.21,153.22,21.32,Normal
2016,1,18,Winter,17.08,68.97,1018.61,3.88,34.51,7.69,6.5,202.7,134.01,10.73,Cool
2017,8,19,Monsoon,29.97,83.47,1010.84,16.14,73.62,25.39,5.16,20.0,112.31,25.86,Rainy
2018,5,17,Summer,32.15,48.74,1013.09,8.35,33.47,8.57,8.6,389.3,86.82,21.54,Hot
2024,12,14,Winter,15.3,73.63,1021.36,9.17,48.79,0.0,5.96,20.0,105.87,10.07,Cool
2015,12,9,Winter,17.9,68.89,1013.07,1.34,47.95,0.0,7.21,41.74,131.9,12.34,Cool
2021,12,8,Winter,14.86,72.07,1024.85,4.41,32.68,0.0,8.37,269.8,104.26,9.91,Cool
2016,5,2,Summer,27.03,68.18,1017.44,10.66,61.02,4.79,5.1,265.09,128.28,18.79,Normal
2019,7,13,Monsoon,28.68,80.91,1022.33,12.86,75.63,25.8,3.15,80.84,125.07,25.41,Rainy
2015,4,25,Summer,29.4,59.16,1004.73,7.56,39.05,1.35,9.32,331.87,123.98,21.39,Normal
2017,6,7,Monsoon,33.1,60.23,1007.6,13.69,54.27,59.3,4.55,294.88,145.59,24.69,Hot
2016,4,9,Summer,28.63,51.11,1001.43,12.91,21.06,5.67,7.82,478.6,122.55,18.15,Normal
2015,3,22,Summer,25.6,59.71,1014.1,7.34,25.2,2.39,8.49,386.87,125.14,17.49,Normal
2021,7,22,Monsoon,31.2,74.18,1005.77,12.21,46.83,25.56,6.1,182.69,101.48,26.22,Normal
2019,8,11,Monsoon,26.09,70.21,1019.23,12.58,48.39,24.97,6.37,77.34,160.59,20.43,Normal
2015,4,14,Summer,28.45,74.88,1006.79,15.18,42.17,0.0,6.85,199.67,97.52,23.27,Normal
2020,2,4,Winter,22.26,74.18,1007.46,1.7,52.8,0.0,9.83,123.36,121.31,15.08,Normal
2019,12,26,Winter,18.66,71.02,1014.85,10.05,47.49,4.2,9.06,198.44,108.54,12.47,Cool
2017,10,26,Post-Monsoon,23.12,63.3,1005.72,7.66,25.66,0.0,6.74,327.02,110.79,14.83,Normal
2021,3,13,Summer,25.56,59.11,1014.91,9.7,40.52,0.0,9.12,316.79,131.34,19.02,Normal
2025,1,2,Winter,18.71,60.1,1008.44,6.03,45.44,0.0,8.4,117.78,93.5,10.78,Cool
2024,8,23,Monsoon,29.85,75.27,1009.02,11.85,49.28,21.27,6.18,225.85,122.31,25.5,Normal
2023,3,5,Summer,23.94,63.86,1004.73,10.13,51.92,2.89,6.37,209.4,95.66,17.22,Normal
2023,12,11,Winter,15.06,61.35,1017.98,17.34,21.47,5.47,8.11,245.61,119.62,7.58,Cool
2023,10,6,Post-Monsoon,20.14,67.81,1022.27,10.42,46.87,0.0,6.89,107.84,116.77,13.37,Normal
2016,7,18,Monsoon,28.42,74.93,1011.35,9.46,32.9,39.01,5.32,335.12,137.96,22.97,Normal
2017,10,21,Post-Monsoon,19.01,53.13,1013.04,6.73,16.14,0.0,7.36,434.7,115.84,8.02,Cool
2021,5,10,Summer,29.74,50.81,1008.85,6.64,20.07,0.56,9.63,418.51,152.43,20.02,Normal
2019,10,4,Post-Monsoon,18.76,63.82,1016.74,2.61,26.75,0.0,6.61,288.72,139.2,11.76,Cool
2016,5,9,Summer,29.38,70.37,1011.12,7.01,36.72,1.82,6.11,436.26,131.99,23.42,Normal
2017,7,6,Monsoon,25.9,82.19,1006.21,14.2,50.18,39.5,6.19,201.46,130.19,22.45,Rainy
2024,9,2,Monsoon,24.47,70.23,1015.04,8.18,53.23,29.43,6.17,182.18,110.49,17.55,Normal
2020,12,17,Winter,17.0,71.7,1007.08,11.15,40.51,0.0,6.84,160.57,121.9,11.11,Cool
2021,5,5,Summer,28.26,47.33,1007.5,9.46,5.84,8.66,9.71,555.71,124.39,17.21,Normal
2023,1,25,Winter,19.39,73.73,1014.28,5.8,59.66,1.26,8.38,185.03,101.4,14.67,Cool
2015,10,6,Post-Monsoon,22.56,60.0,1016.54,7.58,24.95,0.0,5.25,344.18,123.29,14.59,Normal
2025,10,26,Post-Monsoon,16.96,67.68,1018.02,12.79,40.44,18.53,6.64,108.49,124.79,9.99,Cool
2021,1,12,Winter,16.26,78.25,1012.8,10.2,54.96,0.0,4.83,189.83,91.31,11.78,Cool
2022,2,23,Winter,18.81,57.66,1012.69,8.03,35.53,2.71,7.43,289.69,107.92,9.51,Cool
2017,6,21,Monsoon,28.93,65.78,1010.34,11.29,52.76,12.84,7.07,249.24,123.54,21.83,Normal
2018,9,10,Monsoon,25.82,74.27,1011.41,12.23,52.17,36.1,5.47,271.87,123.74,21.15,Normal
2024,8,22,Monsoon,27.07,84.5,1008.53,10.46,44.27,38.02,3.9,180.77,112.53,22.91,Rainy
2020,5,21,Summer,29.48,46.43,1007.24,1.69,50.29,9.47,7.22,446.71,83.76,18.72,Normal
2024,1,27,Winter,13.53,51.6,1023.11,14.13,30.61,0.0,9.26,289.89,79.86,3.25,Cool
2021,7,25,Monsoon,31.46,70.13,1005.71,12.47,41.33,26.28,8.28,387.01,113.44,24.42,Normal
2018,5,6,Summer,27.34,62.86,1010.31,9.19,48.86,4.68,5.01,508.15,127.06,21.4,Normal
2022,6,27,Monsoon,31.13,81.98,1016.69,11.83,55.58,42.97,4.79,231.96,142.19,28.53,Rainy
2019,7,8,Monsoon,30.67,70.75,1002.63,9.79,48.39,9.88,7.68,269.46,134.85,24.34,Normal
2015,3,2,Summer,26.99,56.43,1003.5,7.44,62.05,0.0,8.01,92.99,93.2,18.05,Normal
2018,12,12,Winter,14.12,78.97,1023.05,3.2,46.87,0.0,5.14,106.33,87.81,8.3,Cool
2017,10,13,Post-Monsoon,13.86,58.04,1017.39,14.83,29.62,0.0,7.36,229.46,85.67,4.19,Cool
2023,3,25,Summer,24.4,58.92,1011.44,4.3,35.53,3.09,8.16,294.2,113.88,15.29,Normal
2022,5,21,Summer,34.02,54.31,1002.86,4.9,43.31,1.99,7.78,547.94,120.41,24.86,Hot
2015,6,7,Monsoon,33.73,74.39,1005.15,10.68,28.43,60.02,5.23,396.0,139.43,28.51,Normal
2025,9,10,Monsoon,24.46,76.02,1019.07,15.86,24.23,60.74,5.14,287.96,137.9,19.93,Rainy
2020,12,13,Winter,15.92,69.51,1021.87,8.04,35.57,1.66,6.46,185.92,87.52,10.36,Cool
2023,5,17,Summer,31.84,37.53,1010.96,4.29,0.0,10.76,10.08,596.63,94.84,19.57,Normal
2021,1,26,Winter,15.8,64.78,1013.08,11.76,33.72,0.0,6.89,306.69,105.48,7.89,Cool
2018,4,21,Summer,28.55,61.08,1005.21,10.19,41.9,0.0,6.52,300.56,119.68,21.02,Normal
2015,5,28,Summer,31.17,48.67,996.62,9.62,15.24,0.0,11.27,626.39,130.76,21.42,Normal
2016,12,26,Winter,19.33,66.61,1013.03,10.15,23.17,0.98,7.22,253.91,108.46,12.31,Cool
2019,10,14,Post-Monsoon,26.57,62.81,1015.03,15.18,38.08,0.0,4.48,225.9,150.0,17.66,Normal
2025,10,2,Post-Monsoon,21.36,61.98,1016.91,14.56,46.93,2.4,9.11,134.17,82.61,14.71,Normal
2019,5,28,Summer,28.94,58.75,1008.65,5.94,13.66,0.0,9.39,470.47,133.57,20.76,Normal
2022,7,22,Monsoon,30.01,67.86,1008.71,16.87,51.13,24.76,7.18,147.09,130.72,21.36,Normal
2020,4,11,Summer,23.61,60.91,1010.52,9.15,45.53,1.79,8.45,138.22,88.71,17.45,Normal
2022,1,1,Winter,16.41,73.1,1019.13,9.5,56.93,10.52,9.21,128.56,72.34,10.65,Cool
2016,5,19,Summer,29.16,58.45,1012.45,2.92,48.38,0.0,6.75,184.85,101.17,22.8,Normal
2017,7,21,Monsoon,28.91,71.48,1003.1,11.49,70.6,32.34,6.35,180.68,150.44,23.51,Normal
2020,10,4,Post-Monsoon,20.84,66.42,1016.41,5.56,35.86,0.37,9.71,211.68,131.22,13.96,Normal
2024,10,19,Post-Monsoon,18.69,71.78,1020.45,10.48,45.74,0.0,9.59,244.75,109.18,13.19,Cool
2017,6,26,Monsoon,33.47,57.13,1004.71,15.21,27.71,29.63,6.82,314.14,119.1,24.33,Hot
2020,5,21,Summer,30.06,64.66,1011.56,1.78,38.75,0.0,9.89,386.39,109.38,23.04,Normal
2020,4,11,Summer,27.48,56.51,1021.82,7.93,50.61,0.0,9.01,293.59,114.83,20.39,Normal
2016,2,8,Winter,19.78,68.78,1015.54,11.37,25.88,0.0,8.98,321.08,101.65,12.82,Cool
2021,4,11,Summer,27.84,66.92,1011.88,7.44,30.21,1.75,8.2,435.23,152.57,21.65,Normal
2016,10,4,Post-Monsoon,22.32,53.91,1011.23,10.19,46.66,1.28,8.56,223.52,86.71,12.52,Normal
2020,10,17,Post-Monsoon,18.59,61.9,1017.51,9.05,48.76,2.69,10.25,20.0,114.21,10.84,Cool
2015,3,27,Summer,22.55,61.28,1015.85,9.02,31.67,0.0,7.08,354.05,143.07,16.39,Normal
2017,10,7,Post-Monsoon,19.83,60.27,1016.7,7.19,45.46,3.87,9.97,231.66,121.95,12.31,Cool
2016,1,8,Winter,14.98,82.27,1015.24,4.35,56.91,6.74,8.55,44.94,91.3,12.03,Cool
2021,8,3,Monsoon,25.7,72.47,1012.64,8.64,62.98,24.47,7.95,103.48,95.94,20.25,Normal
2018,5,22,Summer,29.01,53.6,1015.34,10.13,30.77,0.0,8.16,390.77,122.54,21.89,Normal
2022,4,2,Summer,29.42,58.55,1011.0,8.06,46.15,0.82,8.17,391.88,124.38,20.37,Normal
2020,8,23,Monsoon,28.08,67.92,1013.99,11.58,73.04,35.23,4.84,54.12,148.2,20.4,Normal
2024,7,15,Monsoon,30.49,71.39,1007.51,10.73,51.29,20.69,5.94,136.88,139.33,26.12,Normal
2018,2,24,Winter,22.37,65.69,1017.14,7.08,40.14,2.7,8.08,122.22,105.1,15.2,Normal
2019,1,22,Winter,17.64,65.4,1018.57,11.14,47.99,0.0,5.71,150.82,97.27,11.04,Cool
2023,12,22,Winter,17.86,66.87,1013.5,6.99,36.12,0.0,6.96,321.14,83.76,12.61,Cool
2021,11,5,Post-Monsoon,17.71,63.96,1018.68,3.98,66.82,1.1,9.83,207.66,110.52,10.84,Cool
2024,4,24,Summer,28.08,47.72,1006.17,10.23,27.34,2.91,8.4,465.84,88.01,19.41,Normal
2023,8,1,Monsoon,26.22,80.26,1008.92,11.39,47.93,106.46,4.96,157.07,143.16,22.38,Rainy
2021,12,26,Winter,11.63,85.41,1022.41,8.09,45.3,0.0,6.7,46.05,117.62,8.15,Cool
2015,2,4,Winter,20.2,65.54,1016.85,12.82,52.6,1.56,7.0,218.13,121.54,11.43,Normal
2022,3,15,Summer,27.13,60.76,1006.05,7.94,46.01,6.88,7.39,338.24,95.43,19.52,Normal
2018,12,20,Winter,19.04,71.32,1020.69,8.87,38.08,5.1,7.08,137.31,108.5,11.51,Cool
2017,1,19,Winter,20.06,56.66,1018.04,4.46,39.24,0.0,5.57,322.94,99.22,11.65,Normal
2021,1,3,Winter,20.66,76.93,1012.52,7.34,30.44,6.4,7.59,204.92,117.39,17.21,Normal
2017,3,20,Summer,24.2,63.24,1006.71,9.83,39.81,0.0,7.43,322.93,124.95,16.83,Normal
2022,11,11,Post-Monsoon,18.37,78.49,1016.36,3.33,55.22,0.46,7.67,160.95,105.55,14.22,Cool
2020,5,17,Summer,28.7,52.64,1007.92,8.6,49.6,0.0,8.78,211.19,109.64,19.96,Normal
2019,12,27,Winter,16.3,81.65,1018.84,8.3,43.07,1.64,6.05,160.57,124.38,13.17,Cool
2018,3,13,Summer,25.35,66.21,1010.6,8.12,24.63,5.72,7.46,449.05,96.96,19.52,Normal
2022,1,11,Winter,20.59,68.94,1007.36,11.11,31.41,0.59,7.4,196.36,98.48,14.36,Normal
2022,1,2,Winter,17.63,69.37,1015.9,9.0,26.46,0.0,8.92,187.82,107.38,9.7,Cool
2015,8,9,Monsoon,26.51,76.0,1010.02,16.43,63.84,55.14,5.38,183.5,142.77,22.65,Rainy
2023,10,26,Post-Monsoon,20.5,73.55,1017.98,5.02,64.43,1.76,7.15,81.12,99.07,15.02,Normal
2019,11,2,Post-Monsoon,19.26,67.25,1013.52,8.41,44.64,0.0,5.78,144.16,142.44,12.01,Cool
2018,12,21,Winter,13.82,57.39,1026.84,8.25,47.57,9.16,7.7,164.75,73.55,5.57,Cool
2020,12,9,Winter,11.95,65.03,1013.79,4.79,40.63,0.28,9.19,67.06,125.84,5.1,Cool
2020,2,9,Winter,19.29,64.94,1021.54,10.87,37.81,7.54,7.78,268.01,130.27,11.68,Cool
2016,3,8,Summer,21.31,66.59,1013.98,14.97,36.27,1.1,6.01,395.51,86.6,13.6,Normal
2022,2,17,Winter,19.38,65.76,1019.67,7.95,35.88,3.09,6.15,198.21,79.66,12.91,Cool
2021,3,1,Summer,23.67,70.83,1013.55,9.52,25.09,2.82,6.08,276.97,129.85,17.16,Normal
2015,7,25,Monsoon,29.07,61.78,1014.01,12.25,39.6,34.78,8.01,359.11,115.27,21.51,Normal
2019,1,11,Winter,21.13,65.59,1013.46,5.86,38.98,3.15,8.38,401.55,93.71,14.55,Normal
2020,10,8,Post-Monsoon,21.22,51.78,1010.55,2.54,37.37,0.0,4.23,352.04,138.23,12.35,Normal
2018,8,10,Monsoon,28.16,81.57,1015.77,9.88,53.38,16.35,5.78,185.88,109.23,26.17,Normal
2016,10,25,Post-Monsoon,21.87,63.26,1014.04,3.82,35.65,0.06,7.75,258.54,98.54,14.71,Normal
2018,10,7,Post-Monsoon,17.99,70.34,1018.09,13.11,32.82,0.0,5.92,337.56,97.82,11.72,Cool
2015,10,3,Post-Monsoon,22.79,57.05,1018.79,7.65,33.5,0.0,7.54,219.47,59.64,15.52,Normal
2021,2,3,Winter,20.33,74.26,1011.44,6.96,55.26,0.5,8.39,163.23,117.48,16.02,Normal
2016,3,18,Summer,25.48,67.96,1014.35,10.67,27.65,0.0,7.73,249.78,102.1,19.2,Normal
2016,9,5,Monsoon,21.64,86.21,1012.29,8.63,57.02,24.69,4.75,185.64,137.91,19.07,Normal
2023,7,12,Monsoon,26.64,76.71,1010.62,9.7,51.17,39.04,5.43,225.5,143.02,22.01,Rainy
2019,4,12,Summer,29.3,61.29,1009.58,8.2,27.41,0.0,7.44,400.04,125.39,21.69,Normal
2016,10,19,Post-Monsoon,21.33,59.46,1008.87,11.09,27.51,0.0,8.18,284.93,112.82,13.14,Normal
2025,5,6,Summer,28.08,64.32,1007.03,9.51,41.22,0.91,5.76,380.67,124.8,20.16,Normal
2023,2,2,Winter,18.59,78.42,1022.19,8.74,36.13,0.0,5.71,202.99,100.95,14.28,Cool
2023,11,12,Post-Monsoon,20.41,72.72,1019.06,8.23,49.38,1.5,8.11,278.4,103.73,16.36,Normal
2015,8,19,Monsoon,24.88,74.1,1012.13,13.2,35.53,55.69,5.33,408.64,144.83,19.05,Normal
2025,4,5,Summer,31.11,58.13,1008.99,8.6,46.26,0.0,6.91,198.97,137.26,22.52,Normal
2017,9,12,Monsoon,22.02,72.73,1013.21,8.91,73.24,19.07,5.46,78.76,122.83,15.85,Normal
2018,5,27,Summer,31.47,59.29,1013.2,8.14,24.1,3.83,8.62,489.97,134.11,24.25,Normal
2021,9,27,Monsoon,23.28,83.8,1012.7,8.78,60.45,47.61,4.32,75.92,123.86,20.7,Rainy
2024,4,17,Summer,28.83,44.57,1010.55,8.24,13.93,7.73,9.3,586.83,115.24,16.72,Normal
2018,10,17,Post-Monsoon,19.3,58.09,1020.87,6.56,45.97,0.0,7.18,288.57,116.98,9.31,Cool
2016,5,10,Summer,29.7,54.88,1005.9,15.62,15.72,3.66,6.71,489.74,80.67,21.37,Normal
2021,9,25,Monsoon,24.09,77.81,1019.17,11.88,55.02,19.26,6.36,221.56,139.36,18.58,Normal
2020,8,23,Monsoon,25.3,70.37,1005.97,7.79,32.82,30.79,6.19,164.83,134.75,20.03,Normal
2017,3,17,Summer,25.63,63.26,1018.38,7.6,35.12,0.83,8.37,393.73,103.17,17.77,Normal
2020,1,15,Winter,16.81,70.23,1016.54,9.56,30.81,0.0,8.14,297.72,129.18,11.41,Cool
2025,3,12,Summer,23.5,61.09,1012.38,13.02,45.74,0.0,7.29,169.55,73.99,16.07,Normal
2020,4,16,Summer,25.31,55.53,1004.52,6.23,21.38,0.0,8.53,451.23,118.52,15.99,Normal
2019,2,24,Winter,14.86,77.56,1017.58,3.25,55.68,3.26,6.02,20.0,109.87,9.67,Cool
2018,1,19,Winter,17.52,79.42,1013.38,10.45,46.41,0.0,7.2,73.48,107.66,13.86,Cool
2024,7,8,Monsoon,35.37,66.38,1002.61,7.86,38.73,22.33,7.08,417.0,133.87,28.09,Normal
2015,8,21,Monsoon,29.23,71.01,1008.79,10.69,45.58,38.47,5.32,260.87,137.43,24.32,Normal
2024,7,17,Monsoon,30.02,78.02,1012.62,11.23,40.27,91.02,3.41,297.95,98.36,24.96,Rainy
2020,5,23,Summer,29.48,54.56,1009.99,7.79,33.17,1.82,8.46,403.61,136.95,20.68,Normal
2016,12,5,Winter,17.05,67.28,1019.1,10.07,59.19,0.49,8.67,71.27,100.7,10.19,Cool
2017,1,22,Winter,19.14,71.55,1012.02,5.95,34.9,2.41,8.01,279.0,129.48,13.46,Cool
2022,7,16,Monsoon,27.46,63.52,1007.05,11.18,51.87,64.09,4.82,231.85,133.01,19.61,Normal
2024,7,6,Monsoon,32.51,81.57,1014.24,11.96,70.23,55.31,3.9,158.46,130.83,28.68,Rainy
2020,9,8,Monsoon,25.57,79.09,1008.96,12.45,40.48,73.86,3.79,149.51,123.26,19.34,Rainy
2017,3,25,Summer,25.58,57.7,1018.52,8.29,15.7,0.35,7.24,471.3,112.72,16.47,Normal
2021,9,18,Monsoon,24.96,78.51,1011.35,13.31,53.43,69.33,2.59,137.38,153.46,20.2,Rainy
2018,1,25,Winter,17.98,67.15,1017.22,10.53,34.15,0.0,8.25,222.11,86.9,11.35,Cool
2023,1,12,Winter,19.42,54.01,1020.49,9.18,52.63,1.43,7.64,130.9,97.25,11.25,Cool
2019,4,15,Summer,28.8,68.14,1014.73,9.36,41.93,8.05,7.58,272.52,96.24,21.87,Normal
2017,9,27,Monsoon,23.22,80.99,1013.1,7.25,42.17,11.78,5.66,145.28,124.38,20.55,Normal
2016,6,26,Monsoon,29.74,77.94,1007.43,12.15,35.58,41.4,5.48,362.5,118.8,24.64,Rainy
2025,11,9,Post-Monsoon,18.16,73.92,1016.86,9.44,59.21,0.0,6.0,109.1,103.7,12.06,Cool
2016,3,13,Summer,27.41,51.78,1011.97,10.19,21.57,6.15,8.19,308.74,140.37,16.26,Normal
2017,1,26,Winter,15.21,73.22,1022.72,5.92,46.1,0.0,5.83,102.33,92.14,10.34,Cool
2016,4,15,Summer,24.27,59.88,1012.83,6.02,46.38,1.43,7.75,287.33,111.69,16.32,Normal
2018,12,10,Winter,17.36,73.9,1020.12,6.28,40.31,0.0,8.58,121.64,101.77,12.58,Cool
2016,9,16,Monsoon,24.11,65.01,1019.48,13.61,38.46,43.43,6.99,260.37,108.87,17.22,Normal
2024,3,7,Summer,24.38,60.96,1014.26,11.1,35.57,5.84,7.94,415.08,164.24,16.57,Normal
2023,12,17,Winter,17.54,63.6,1018.77,6.78,46.08,3.21,5.88,86.31,74.88,10.48,Cool
2016,9,23,Monsoon,23.51,83.47,1007.27,14.72,60.86,89.33,4.6,20.0,136.79,21.92,Rainy
2023,7,26,Monsoon,33.34,74.88,995.94,12.37,44.27,40.63,6.54,246.7,178.44,27.94,Normal
2020,12,21,Winter,13.48,66.52,1021.92,7.63,40.98,4.46,7.55,155.36,120.35,8.42,Cool
2015,4,22,Summer,25.68,55.51,1011.45,7.37,26.94,0.0,8.37,368.75,113.99,17.46,Normal
2018,3,26,Summer,23.77,61.43,1011.1,10.24,18.41,3.67,7.44,413.97,91.17,16.35,Normal
2015,10,7,Post-Monsoon,16.88,62.13,1018.95,8.98,39.79,4.41,8.32,163.86,127.45,9.75,Cool
2020,5,14,Summer,29.68,62.79,1008.79,14.83,59.94,0.0,9.28,150.4,141.93,19.68,Normal
2018,5,15,Summer,33.72,50.67,1010.71,5.44,16.93,9.93,8.6,452.27,94.7,23.64,Hot
2017,3,21,Summer,24.05,41.61,1013.31,9.55,11.01,5.54,7.78,439.64,97.41,11.83,Normal
2017,12,7,Winter,17.51,65.22,1014.56,6.41,28.73,0.08,6.36,397.41,83.7,12.24,Cool
2023,9,9,Monsoon,21.23,75.23,1018.9,9.39,55.88,21.09,7.08,263.29,66.19,16.0,Normal
2020,4,19,Summer,26.14,48.65,1010.63,7.97,31.3,4.28,7.33,279.34,88.98,15.85,Normal
2023,11,16,Post-Monsoon,17.11,59.54,1019.93,8.41,32.73,12.6,7.76,116.79,104.48,8.98,Cool
2019,5,8,Summer,29.36,57.94,1007.34,16.75,22.33,0.0,7.53,445.59,129.85,19.91,Normal
2016,4,18,Summer,30.32,65.61,1005.98,7.45,40.6,2.04,6.07,436.49,119.93,22.99,Normal
2022,5,27,Summer,31.29,57.63,1008.23,4.61,14.33,3.58,8.88,543.01,146.25,23.47,Normal
2019,7,23,Monsoon,27.62,72.5,1010.52,12.82,46.72,22.7,7.21,278.77,143.82,20.41,Normal
2016,9,18,Monsoon,24.54,82.7,1014.54,5.78,63.62,60.11,3.08,61.4,124.36,21.33,Rainy
2018,7,20,Monsoon,31.16,70.34,1006.91,11.72,28.26,83.86,5.56,463.39,123.61,24.51,Normal
2023,5,7,Summer,32.57,49.42,999.66,8.05,8.15,0.0,8.94,563.36,126.14,23.5,Hot
2018,10,3,Post-Monsoon,23.98,53.94,1011.28,10.38,49.11,0.0,9.23,326.29,111.35,15.08,Normal
2018,10,18,Post-Monsoon,18.27,54.9,1020.19,10.92,23.58,3.46,8.27,224.95,75.83,8.03,Cool
2016,7,27,Monsoon,28.28,73.42,1008.82,10.49,59.37,61.56,7.03,238.87,122.39,22.63,Normal
2020,10,10,Post-Monsoon,17.73,68.75,1016.4,7.55,40.15,6.85,6.86,177.88,120.23,11.85,Cool
2025,5,7,Summer,29.55,56.33,1013.06,5.7,30.12,0.26,7.72,441.79,143.25,20.57,Normal
2016,3,17,Summer,25.03,58.16,1009.43,4.62,38.79,0.0,6.76,308.79,131.6,16.78,Normal
2021,7,14,Monsoon,32.23,65.97,1001.06,12.93,29.17,23.93,5.66,429.62,133.89,25.41,Normal
2017,11,24,Post-Monsoon,17.77,71.86,1016.72,4.18,46.08,0.02,5.74,216.04,136.41,12.84,Cool
2017,11,3,Post-Monsoon,17.23,58.87,1015.8,6.76,29.52,0.0,8.14,368.48,109.83,9.36,Cool
2019,2,12,Winter,20.83,70.28,1011.35,5.01,27.38,11.21,6.48,420.33,110.97,14.85,Normal
2017,12,28,Winter,15.16,62.94,1018.48,9.65,41.4,0.0,7.99,186.06,128.49,7.76,Cool
2016,9,13,Monsoon,28.6,70.6,1011.75,17.4,40.32,28.29,4.9,213.8,138.35,21.85,Normal
2024,10,2,Post-Monsoon,16.96,58.07,1017.89,4.1,31.57,2.54,6.84,205.4,125.04,9.75,Cool
2023,10,3,Post-Monsoon,20.91,61.27,1016.39,2.44,21.5,6.74,6.5,369.02,86.78,15.53,Normal
2016,12,5,Winter,21.45,71.12,1022.04,7.63,62.99,2.15,9.57,104.18,101.24,15.41,Normal
2025,1,11,Winter,17.95,71.05,1015.86,8.05,54.36,0.9,6.81,20.0,96.04,12.2,Cool
2016,6,8,Monsoon,30.58,80.93,1009.51,12.66,63.31,99.74,3.76,259.61,138.13,27.58,Rainy
2022,7,26,Monsoon,29.28,78.91,1007.27,10.66,46.46,15.5,6.0,259.39,163.48,25.86,Normal
2023,8,23,Monsoon,27.1,69.48,1007.44,11.4,21.83,43.26,7.92,308.3,100.67,21.14,Normal
2021,10,23,Post-Monsoon,23.52,60.12,1011.0,9.1,58.53,0.0,5.86,78.43,130.81,14.76,Normal
2017,9,12,Monsoon,19.13,78.92,1014.49,15.12,49.4,30.85,5.63,114.97,94.02,16.37,Rainy
2023,2,7,Winter,23.87,71.43,1014.53,2.13,35.16,0.0,5.05,173.29,156.38,18.7,Normal
2017,11,15,Post-Monsoon,14.81,61.9,1028.83,6.89,41.52,0.0,4.81,237.51,72.14,7.36,Cool
2019,10,24,Post-Monsoon,19.91,71.93,1013.0,8.64,58.55,0.0,6.08,168.59,127.75,13.72,Cool
2023,2,17,Winter,19.56,72.25,1014.44,5.25,44.52,0.0,7.44,303.43,128.75,14.05,Cool
2017,5,4,Summer,31.36,68.19,1007.6,13.19,56.89,1.43,6.23,187.04,140.93,23.54,Normal
2021,5,22,Summer,26.55,56.84,1012.8,6.09,45.47,1.91,8.45,351.11,100.74,18.51,Normal
2015,6,25,Monsoon,32.02,77.77,1008.44,11.88,36.3,60.37,5.17,290.63,114.41,28.36,Rainy
2018,3,13,Summer,28.45,73.96,1015.02,9.67,38.09,3.9,6.56,257.03,149.41,23.43,Normal
2018,8,18,Monsoon,24.5,75.23,1002.94,10.23,58.67,61.37,6.72,75.62,141.67,18.78,Rainy
2021,1,1,Winter,18.36,56.34,1007.4,2.46,0.0,5.9,7.19,361.26,119.01,9.98,Cool
2022,6,16,Monsoon,29.54,61.85,1007.14,10.71,34.69,9.44,7.89,440.81,143.23,22.54,Normal
2015,4,13,Summer,28.44,63.0,1014.28,11.09,20.23,0.0,5.43,317.42,92.47,20.44,Normal
2019,1,10,Winter,17.98,54.24,1010.95,6.99,24.67,0.5,8.31,352.48,72.66,9.57,Cool
2021,7,12,Monsoon,28.65,73.21,997.71,9.46,41.98,56.62,5.15,258.04,114.69,23.71,Normal
2018,9,2,Monsoon,25.07,82.1,1014.53,14.78,48.38,92.64,2.52,43.9,117.29,21.27,Rainy
2018,4,23,Summer,31.47,56.57,1008.75,7.01,25.63,3.8,8.42,229.89,111.66,22.34,Normal
2018,4,3,Summer,27.08,62.21,1006.48,6.47,23.6,7.61,6.57,507.13,123.0,19.38,Normal
2020,6,10,Monsoon,32.58,73.83,1003.05,12.45,73.57,73.91,7.06,20.0,155.56,26.57,Normal
2021,12,2,Winter,14.15,79.81,1016.01,10.31,73.26,0.0,3.49,20.0,105.22,10.33,Cool
2016,3,27,Summer,21.9,57.23,1014.92,15.15,18.84,0.0,8.29,428.1,92.93,13.79,Normal
2019,12,23,Winter,18.04,62.63,1014.67,10.48,56.09,4.59,7.55,20.0,121.86,11.5,Cool
2018,6,13,Monsoon,34.27,65.35,1007.79,15.48,34.49,11.0,6.81,338.18,125.99,27.57,Normal
2017,7,13,Monsoon,30.84,79.65,996.79,10.48,52.27,31.73,5.0,266.18,135.72,27.09,Rainy
2021,11,18,Post-Monsoon,17.25,74.38,1014.3,4.92,45.74,0.0,6.88,163.71,104.52,11.91,Cool
2025,10,3,Post-Monsoon,20.5,68.31,1010.95,8.19,33.73,1.14,8.46,221.46,117.81,13.46,Normal
2020,10,27,Post-Monsoon,17.75,75.91,1016.35,8.32,59.53,3.97,4.58,109.37,94.8,12.59,Cool
2021,3,7,Summer,25.33,52.56,1009.92,4.76,30.56,1.15,7.33,343.39,124.66,16.98,Normal
2019,7,14,Monsoon,32.0,84.47,1010.59,11.47,48.86,79.79,2.83,171.48,136.83,29.4,Rainy
2020,3,20,Summer,23.01,73.56,1006.26,9.2,30.19,11.47,5.25,384.09,103.77,18.04,Normal
2019,2,17,Winter,19.47,71.23,1016.36,9.08,33.26,0.0,7.43,263.51,120.97,12.26,Cool
2021,12,21,Winter,17.58,80.25,1019.72,9.51,31.5,0.0,7.09,67.19,98.73,13.88,Cool
2016,10,12,Post-Monsoon,19.54,54.42,1023.55,8.87,30.68,0.41,9.46,341.72,90.77,9.36,Cool
2025,4,25,Summer,27.35,55.31,1008.72,6.48,16.89,0.0,8.85,415.76,93.15,17.41,Normal
2019,12,16,Winter,21.62,59.0,1015.96,6.46,31.01,0.0,8.69,231.7,78.29,12.5,Normal
2020,8,24,Monsoon,26.96,82.39,1003.71,8.4,69.35,26.25,3.88,103.16,140.18,22.82,Rainy
2020,9,12,Monsoon,23.21,73.36,1003.98,17.35,60.08,40.89,7.62,80.67,141.12,18.55,Normal
2019,7,15,Monsoon,28.64,81.13,1013.13,12.04,51.52,53.05,4.74,359.34,122.97,25.04,Rainy
2024,1,25,Winter,19.58,75.58,1016.08,7.33,46.42,2.27,7.89,31.96,100.21,13.94,Cool
2021,3,10,Summer,23.6,67.23,1017.99,5.21,63.34,0.52,5.63,137.54,85.6,16.58,Normal
2024,12,25,Winter,15.57,71.57,1013.41,16.81,50.51,5.17,6.57,139.98,67.98,10.28,Cool
2022,9,7,Monsoon,26.91,70.47,1013.04,8.78,39.44,36.9,7.28,259.79,135.81,21.56,Normal
2021,12,20,Winter,20.12,59.56,1023.19,6.71,17.54,1.96,7.82,311.28,70.36,12.14,Normal
2019,1,5,Winter,16.62,77.39,1019.85,9.25,53.64,6.21,5.52,65.83,90.95,11.18,Cool
2015,9,1,Monsoon,19.89,89.15,1016.98,13.8,68.27,53.1,6.0,20.0,128.02,17.39,Rainy
2019,8,17,Monsoon,29.72,74.58,1009.03,14.87,39.09,26.06,4.72,231.11,130.38,26.54,Normal
2024,1,3,Winter,16.43,65.89,1012.01,13.42,43.2,1.29,7.33,259.48,111.1,8.64,Cool
2016,6,13,Monsoon,32.74,57.95,1012.3,13.52,29.0,23.74,8.12,394.69,125.13,24.63,Hot
2019,5,14,Summer,25.73,52.95,1009.35,4.83,27.15,0.0,10.81,586.83,105.67,18.01,Normal
2019,6,24,Monsoon,32.96,85.31,1008.74,11.23,25.4,39.78,4.48,423.87,116.89,29.81,Rainy
2016,10,18,Post-Monsoon,17.84,58.58,1011.06,8.92,31.21,1.84,7.52,105.17,91.7,11.02,Cool
2019,12,4,Winter,18.61,68.18,1012.06,14.2,53.18,2.77,6.62,168.91,105.14,11.69,Cool
2018,5,18,Summer,30.09,63.57,1014.47,3.81,30.28,7.34,7.65,390.11,89.64,21.23,Normal
2015,6,5,Monsoon,28.9,66.8,1008.18,15.61,41.07,51.8,6.73,239.79,110.05,21.8,Normal
2017,5,25,Summer,29.17,58.64,1015.2,8.54,24.84,0.58,9.19,527.34,112.93,20.29,Normal
2015,11,16,Post-Monsoon,19.45,72.66,1015.87,10.51,49.46,4.45,7.71,96.54,100.92,12.64,Cool
2025,12,1,Winter,17.23,68.18,1010.37,7.69,38.94,0.0,6.63,148.9,100.98,10.53,Cool
2019,5,21,Summer,31.35,75.47,1011.42,5.47,36.1,0.0,7.69,358.32,143.41,27.23,Normal
2018,4,14,Summer,31.85,43.26,1005.15,10.25,37.6,2.2,9.03,455.08,131.99,20.02,Normal
2021,3,15,Summer,20.56,72.51,1018.2,9.96,56.15,0.0,7.82,167.82,142.66,14.76,Normal
2019,3,9,Summer,27.56,57.59,1010.61,10.92,25.81,0.01,8.93,366.99,89.67,20.17,Normal
2024,4,15,Summer,27.73,64.05,1004.22,7.96,44.21,0.0,9.47,237.94,113.88,19.94,Normal
2018,9,17,Monsoon,22.02,84.87,1015.04,10.2,61.34,59.16,4.15,179.24,145.73,19.49,Rainy
2016,2,25,Winter,17.57,62.65,1026.28,3.32,44.83,0.0,6.96,215.42,74.22,8.74,Cool
2018,9,24,Monsoon,23.58,81.98,1015.26,14.46,32.25,25.04,6.17,251.9,101.17,19.21,Rainy
2016,1,4,Winter,19.97,52.63,1015.59,9.27,41.18,0.62,9.72,198.2,93.34,10.32,Cool
2022,1,12,Winter,17.66,71.93,1021.74,5.1,37.71,7.83,6.84,265.37,146.17,13.01,Cool
2017,5,27,Summer,33.39,55.64,1007.27,6.38,27.22,4.47,9.49,412.13,107.25,23.78,Hot
2023,6,26,Monsoon,27.81,81.04,1011.17,10.6,83.49,67.24,5.47,140.25,151.87,23.28,Rainy
2018,6,5,Monsoon,30.97,81.13,1003.75,7.55,55.53,65.52,4.44,188.76,134.41,27.42,Rainy
2020,3,5,Summer,21.24,67.05,1015.86,5.55,36.01,2.09,7.93,334.89,91.79,15.0,Normal
2024,7,11,Monsoon,30.86,74.86,1012.34,8.6,20.43,108.87,3.52,434.29,179.51,25.01,Normal
2019,9,28,Monsoon,25.95,72.08,1008.29,10.76,61.34,163.36,3.16,65.89,127.27,19.95,Normal
2024,11,6,Post-Monsoon,17.01,63.3,1023.59,5.78,21.5,0.0,6.28,298.12,110.0,10.54,Cool
2015,12,7,Winter,11.27,81.76,1021.54,3.12,40.37,0.9,6.17,20.0,114.05,6.68,Cool
2023,10,24,Post-Monsoon,20.94,74.81,1011.59,14.07,42.87,0.67,7.95,135.09,124.23,16.17,Normal
2015,8,14,Monsoon,28.46,74.32,1013.87,15.76,63.45,13.49,7.38,44.77,167.45,22.91,Normal
2022,6,24,Monsoon,31.89,73.22,1006.33,9.66,54.86,30.32,6.86,385.06,164.82,27.66,Normal
2023,12,11,Winter,19.72,59.52,1019.03,8.82,32.72,0.0,8.18,131.6,89.71,12.09,Cool
2023,8,13,Monsoon,25.14,87.18,1011.03,13.25,60.44,58.72,4.62,320.62,165.62,23.28,Rainy
2015,12,2,Winter,18.5,71.61,1016.61,11.57,37.08,6.0,5.32,223.01,97.83,12.39,Cool
2016,5,25,Summer,32.69,67.77,1008.89,5.54,42.89,0.0,7.01,277.62,136.26,26.9,Normal
2015,8,7,Monsoon,23.59,74.22,1014.45,15.28,47.26,14.91,6.65,300.96,93.93,19.07,Normal
2024,10,20,Post-Monsoon,21.2,61.87,1006.98,6.36,48.12,0.0,6.32,145.54,129.66,13.99,Normal
2016,12,4,Winter,15.89,70.92,1014.19,3.99,55.34,4.12,4.83,20.0,102.14,9.85,Cool
2024,4,27,Summer,27.32,63.54,1014.39,10.17,43.76,1.91,8.86,296.03,99.88,20.16,Normal
2022,10,8,Post-Monsoon,21.26,62.95,1014.39,11.87,33.01,0.0,7.65,320.05,131.76,12.37,Normal
2019,8,20,Monsoon,26.43,71.7,1009.21,19.76,53.27,24.21,6.63,307.27,149.52,22.18,Normal
2025,10,22,Post-Monsoon,19.01,72.66,1011.06,4.4,44.02,0.28,7.57,221.07,138.7,13.06,Cool
2021,12,21,Winter,17.08,73.28,1013.53,10.1,32.64,0.0,5.69,170.22,81.29,11.46,Cool
2016,2,19,Winter,18.11,60.89,1009.04,6.77,30.87,0.0,7.25,385.02,132.86,9.23,Cool
2022,12,13,Winter,14.61,79.94,1019.17,10.35,51.96,1.02,8.18,165.76,104.14,11.14,Cool
2025,12,14,Winter,18.49,75.15,1014.46,3.59,58.04,0.0,6.15,81.75,150.63,13.95,Cool
2020,5,10,Summer,27.53,59.76,1006.66,4.21,32.6,4.76,7.38,475.31,129.55,19.25,Normal
2022,9,11,Monsoon,25.47,79.24,1011.7,9.67,35.88,32.42,4.84,407.5,128.75,19.45,Rainy
2015,4,2,Summer,28.52,61.81,1011.29,8.24,37.13,0.0,6.78,293.2,121.22,20.31,Normal
2015,11,25,Post-Monsoon,14.14,64.84,1028.27,6.08,40.23,1.19,8.76,134.35,100.86,7.48,Cool
2021,6,26,Monsoon,29.51,75.25,1003.1,13.98,49.43,27.24,3.08,229.91,117.35,24.76,Rainy
2022,1,9,Winter,20.56,50.02,1020.04,11.08,38.06,4.17,7.85,151.86,84.68,10.53,Normal
2017,9,17,Monsoon,21.84,88.08,1018.4,13.8,69.69,59.12,4.63,87.9,118.94,19.12,Rainy
2019,1,26,Winter,16.92,57.45,1014.84,12.86,25.83,1.48,9.98,182.37,122.23,7.14,Cool
2015,5,3,Summer,31.08,66.15,1008.86,9.25,32.53,2.89,5.93,463.54,101.35,25.08,Normal
2021,4,24,Summer,29.22,54.99,1007.51,4.35,18.51,0.0,6.58,403.68,141.69,19.07,Normal
2019,12,6,Winter,16.45,67.32,1019.03,12.09,49.24,3.84,6.16,226.0,108.98,9.75,Cool
2022,3,5,Summer,22.69,58.79,1019.96,6.18,51.42,0.0,8.73,41.24,126.16,13.62,Normal
2022,6,5,Monsoon,34.13,68.87,1008.33,14.73,38.31,36.42,6.42,320.15,147.75,28.7,Normal
2023,2,22,Winter,24.33,71.64,1014.81,12.72,41.41,1.04,5.23,112.63,136.25,19.12,Normal
2021,3,15,Summer,26.15,42.65,1009.77,9.37,38.72,0.96,9.11,425.16,109.42,14.4,Normal
2025,5,23,Summer,30.25,65.31,1002.69,3.51,45.32,0.0,9.29,424.28,126.83,23.87,Normal
2015,9,17,Monsoon,22.22,83.97,1013.41,9.25,59.41,89.15,4.21,20.0,139.46,17.82,Rainy
2017,2,9,Winter,18.67,58.35,1021.56,11.97,19.39,1.73,8.07,418.13,84.57,10.28,Cool
2022,10,3,Post-Monsoon,21.65,56.59,1008.54,7.49,40.42,6.97,8.13,321.05,87.17,12.12,Normal
2017,8,20,Monsoon,28.42,87.76,1005.69,12.24,46.06,17.12,5.93,240.1,124.94,26.79,Normal
2022,2,26,Winter,23.58,55.76,1013.8,10.28,18.0,0.0,6.58,412.8,114.59,15.03,Normal
2015,11,17,Post-Monsoon,19.37,58.09,1012.3,10.09,29.31,0.04,7.65,310.38,139.62,11.51,Cool
2019,5,27,Summer,26.76,67.48,1007.9,8.84,33.96,0.19,7.06,424.69,121.58,19.81,Normal
2018,7,10,Monsoon,32.38,74.83,1005.44,11.37,44.21,72.78,4.36,212.6,169.28,27.94,Normal
2019,8,3,Monsoon,25.3,72.26,1006.62,11.06,27.52,59.14,6.29,442.04,129.45,18.86,Normal
2022,1,18,Winter,17.09,69.73,1013.94,10.57,54.29,0.0,6.36,122.44,100.7,10.26,Cool
2024,6,18,Monsoon,31.55,66.02,1010.53,13.66,53.35,24.6,6.33,281.96,149.45,24.62,Normal
2018,1,17,Winter,22.33,71.21,1008.94,7.23,20.6,3.33,5.42,329.06,110.31,15.82,Normal
2025,2,24,Winter,27.34,66.42,1004.27,11.25,51.88,1.23,7.77,69.66,127.07,21.19,Normal
2018,1,3,Winter,19.27,69.98,1013.79,7.61,33.26,0.61,8.22,114.12,86.51,12.89,Cool
2017,11,3,Post-Monsoon,17.53,70.35,1020.45,5.45,53.56,0.03,6.64,101.77,82.59,10.74,Cool
2021,5,6,Summer,31.24,67.81,1007.15,5.72,40.43,3.22,8.14,435.43,138.07,23.83,Normal
2017,10,13,Post-Monsoon,22.45,63.39,1012.22,5.06,38.06,0.0,7.39,159.23,132.62,15.69,Normal
2017,9,24,Monsoon,23.29,72.36,1013.67,11.18,42.67,67.49,2.21,246.68,153.44,15.73,Normal
2025,6,15,Monsoon,34.95,73.29,998.35,15.7,60.18,27.4,6.12,165.62,123.15,28.8,Normal
2024,11,25,Post-Monsoon,18.44,81.6,1018.87,5.58,37.41,0.0,6.08,111.4,141.23,15.89,Cool
2019,11,9,Post-Monsoon,19.03,59.37,1018.01,8.57,41.79,0.0,7.97,237.52,129.77,10.63,Cool
2019,1,4,Winter,19.4,63.61,1014.58,6.03,51.1,4.43,7.74,193.8,100.47,12.7,Cool
2020,1,14,Winter,18.87,69.54,1020.62,7.22,51.23,1.06,6.29,70.01,136.17,13.11,Cool
2022,2,5,Winter,22.35,63.11,1009.65,3.47,65.39,0.0,9.35,189.71,131.65,14.82,Normal
2024,9,2,Monsoon,22.64,74.35,1018.46,11.34,40.13,57.74,5.27,273.0,138.69,16.18,Normal
2020,3,11,Summer,22.77,70.96,1014.48,7.42,55.25,4.58,6.68,151.79,157.02,15.9,Normal
2015,1,9,Winter,15.52,85.87,1017.59,9.62,54.43,0.0,6.88,91.01,133.59,11.62,Cool
2022,5,24,Summer,31.03,57.05,1008.0,8.67,47.44,0.0,8.03,458.3,85.05,22.82,Normal
2022,7,3,Monsoon,31.78,66.67,1007.13,8.4,40.25,102.44,7.85,383.99,134.19,25.65,Normal
2023,6,27,Monsoon,32.01,61.95,1012.28,15.25,31.91,34.17,6.56,350.73,97.74,23.69,Hot
2023,12,28,Winter,20.68,66.79,1011.01,8.63,56.11,0.0,7.75,93.14,115.8,13.98,Normal
2016,1,9,Winter,17.93,75.19,1014.2,8.6,41.26,0.0,5.84,175.01,113.21,12.97,Cool
2016,5,3,Summer,31.53,58.55,1011.87,7.97,16.88,2.63,8.88,526.63,111.99,23.31,Normal
2017,5,25,Summer,27.66,58.69,1008.06,6.45,27.75,2.54,8.2,436.71,99.12,18.79,Normal
2015,6,2,Monsoon,30.15,70.34,1012.3,12.65,50.7,33.25,5.84,407.96,118.89,25.53,Normal
2018,3,12,Summer,25.53,52.98,1018.73,9.43,46.09,1.35,7.21,248.21,107.25,16.67,Normal
2018,5,10,Summer,31.93,60.71,1005.84,2.76,36.9,7.44,5.99,243.48,123.29,24.13,Normal
2023,7,9,Monsoon,29.42,81.52,1011.93,10.38,68.04,50.37,5.54,156.29,135.65,25.3,Rainy
2023,5,15,Summer,29.9,45.87,1004.25,7.24,7.39,3.64,7.03,533.07,124.12,18.41,Normal
2023,5,8,Summer,26.72,70.68,1014.11,8.77,38.22,7.17,8.44,227.07,116.82,21.18,Normal
2024,5,25,Summer,29.28,61.27,1010.1,11.58,32.55,0.83,6.17,337.82,144.62,21.15,Normal
2021,10,5,Post-Monsoon,22.46,73.18,1015.97,5.68,44.17,0.49,6.65,159.0,116.97,17.2,Normal
2016,10,11,Post-Monsoon,21.77,54.62,1011.98,6.51,31.7,1.36,7.08,378.88,123.9,11.17,Normal
2024,3,27,Summer,25.1,51.45,1005.58,6.46,36.45,2.0,8.39,217.08,105.74,14.97,Normal
2019,1,2,Winter,18.05,66.31,1019.18,5.6,34.71,4.48,7.28,248.49,156.58,11.22,Cool
2018,5,24,Summer,30.08,60.05,1000.49,6.96,36.71,0.13,8.33,522.7,130.99,22.86,Normal
2025,9,28,Monsoon,22.55,93.88,1012.75,14.31,61.56,48.96,2.37,64.45,157.93,20.59,Rainy
2022,1,15,Winter,19.48,71.01,1019.93,4.84,32.7,0.0,6.11,209.03,98.79,12.49,Cool
2016,3,6,Summer,24.93,59.47,1013.12,9.28,33.21,0.0,9.0,369.06,106.26,17.18,Normal
2020,4,8,Summer,28.58,50.69,1017.59,2.89,25.83,0.0,9.24,457.76,110.71,18.67,Normal
2019,1,27,Winter,16.78,77.11,1022.15,6.32,46.71,0.0,3.6,230.3,155.62,10.82,Cool
2016,1,5,Winter,13.2,64.97,1017.94,7.01,39.35,0.0,7.91,190.15,95.85,4.86,Cool
2025,8,16,Monsoon,29.91,86.08,1008.97,17.02,56.77,26.48,4.07,211.73,120.82,26.61,Rainy
2024,2,26,Winter,19.45,64.11,1016.0,7.18,33.1,2.78,6.73,317.96,131.58,12.2,Cool
2015,12,18,Winter,15.1,81.14,1012.9,1.4,67.19,0.32,6.04,20.0,113.1,12.44,Cool
2022,8,6,Monsoon,29.03,80.23,1005.72,6.0,37.15,31.55,7.46,277.12,126.19,24.21,Rainy
2016,7,5,Monsoon,29.2,74.36,1007.12,12.1,37.84,88.78,3.32,324.49,116.8,24.5,Normal
2021,10,28,Post-Monsoon,22.83,59.42,1005.67,9.84,67.89,0.48,6.14,20.0,122.72,13.15,Normal
2023,10,16,Post-Monsoon,21.86,61.54,1014.69,9.13,23.78,5.25,8.1,298.16,129.01,14.45,Normal
2023,2,13,Winter,22.0,66.79,1013.4,8.5,24.19,5.04,7.16,414.7,126.68,16.57,Normal
2022,6,28,Monsoon,27.99,76.94,1003.51,15.49,57.37,129.97,4.81,294.75,120.08,23.5,Rainy
2025,6,5,Monsoon,33.67,67.14,1007.85,10.38,15.79,26.87,6.2,434.7,111.7,26.56,Normal
2024,3,13,Summer,24.57,60.32,1015.46,10.68,32.44,1.57,9.19,319.7,41.76,17.63,Normal
2023,11,17,Post-Monsoon,17.13,68.74,1018.72,3.1,67.74,3.56,7.12,104.3,92.52,11.15,Cool
2016,2,18,Winter,20.82,49.96,1013.93,5.29,8.43,0.0,9.14,469.75,95.18,10.93,Normal
2020,12,8,Winter,13.09,75.02,1023.0,2.58,23.24,3.19,8.62,310.64,101.7,7.28,Cool
2018,1,13,Winter,18.84,59.79,1019.34,7.18,16.84,4.01,7.51,376.01,99.13,11.09,Cool
2018,6,19,Monsoon,28.74,67.66,1010.91,11.86,51.91,22.59,7.95,290.4,175.62,21.72,Normal
2019,12,26,Winter,14.02,59.17,1016.68,8.34,47.83,0.73,7.1,147.4,107.83,6.11,Cool
2017,5,3,Summer,26.71,47.0,1012.21,8.19,18.45,0.0,8.98,416.65,87.92,16.15,Normal
2015,11,24,Post-Monsoon,20.39,55.76,1020.31,5.22,39.81,0.36,6.35,270.81,118.16,12.41,Normal
2022,9,8,Monsoon,22.62,76.28,1011.58,11.43,64.71,42.7,4.99,87.87,127.97,17.41,Rainy
2019,1,2,Winter,21.31,78.09,1023.27,3.51,70.92,1.41,5.23,20.0,101.38,16.81,Normal
2017,7,8,Monsoon,28.88,71.92,1007.48,16.09,41.58,9.88,8.18,272.57,131.72,23.91,Normal
2024,5,27,Summer,26.31,61.17,1011.52,7.09,8.32,0.0,9.8,580.27,124.69,18.35,Normal
2021,5,13,Summer,27.61,61.56,1007.79,6.53,26.4,2.78,7.2,286.08,137.16,19.9,Normal
2021,2,13,Winter,23.22,63.62,1014.44,12.77,32.77,1.73,6.58,198.62,81.62,15.62,Normal
2015,11,1,Post-Monsoon,17.59,67.22,1010.51,4.27,37.67,0.0,5.72,215.07,118.82,10.91,Cool
2023,3,6,Summer,22.79,54.72,1011.66,4.62,28.52,0.25,8.48,454.74,133.97,14.27,Normal
2016,7,24,Monsoon,30.41,84.38,1004.14,8.71,67.93,30.64,4.6,204.69,170.51,28.76,Rainy
2019,6,19,Monsoon,32.1,85.36,1007.87,11.8,70.58,28.35,4.66,233.54,117.64,27.83,Rainy
2019,12,16,Winter,19.46,54.31,1020.16,9.29,28.39,0.0,10.15,292.64,100.77,9.31,Cool
2022,2,8,Winter,23.69,55.11,1015.8,10.22,44.27,0.0,7.79,214.07,110.49,14.6,Normal
2022,6,28,Monsoon,30.21,72.45,999.17,19.72,49.25,20.92,7.11,337.0,141.52,24.74,Normal
2021,2,1,Winter,17.58,61.02,1025.66,1.25,36.59,2.15,7.74,193.22,101.3,9.61,Cool
2021,2,27,Winter,19.59,69.51,1017.27,9.83,53.49,0.0,5.51,73.63,99.57,13.05,Cool
2025,2,27,Winter,21.07,59.54,1011.94,6.33,35.5,6.65,5.45,185.07,112.65,11.99,Normal
2020,11,16,Post-Monsoon,15.82,84.52,1019.36,6.24,79.31,3.37,6.58,20.0,109.53,12.23,Cloudy
2020,3,9,Summer,21.89,72.23,1015.18,6.14,27.52,0.0,8.99,259.63,125.17,16.99,Normal
2025,2,13,Winter,21.26,65.96,1012.25,5.27,33.58,0.0,7.76,330.44,97.18,14.52,Normal
2023,4,11,Summer,27.39,66.14,1011.42,13.05,38.39,1.03,8.09,323.91,103.02,21.16,Normal
2020,9,13,Monsoon,24.07,87.68,1010.52,14.53,62.41,47.01,3.6,164.65,151.73,20.64,Rainy
2016,6,25,Monsoon,29.33,71.25,1007.65,12.07,59.22,149.98,4.48,148.78,169.2,24.74,Normal
2016,1,21,Winter,17.43,62.2,1014.85,12.05,36.47,1.56,8.81,180.87,137.35,9.42,Cool
2019,8,10,Monsoon,25.47,79.23,1006.24,7.46,33.31,77.53,3.68,340.48,122.72,21.69,Rainy
2018,12,4,Winter,18.96,72.57,1017.11,4.01,55.17,6.02,7.42,55.0,132.0,13.37,Cool
2025,7,27,Monsoon,32.34,73.47,1009.5,5.47,54.83,21.94,4.19,59.49,121.1,26.6,Normal
2016,10,6,Post-Monsoon,16.44,57.77,1020.35,5.9,9.91,0.0,8.83,315.02,108.09,8.34,Cool
2017,3,28,Summer,21.96,58.22,1017.71,8.49,33.53,0.0,7.24,242.1,98.81,14.08,Normal
2021,1,7,Winter,14.65,69.9,1020.85,8.31,23.84,0.1,5.63,202.11,125.45,10.78,Cool
2022,5,5,Summer,28.63,57.3,1007.63,8.45,24.87,3.32,8.39,486.99,138.45,20.6,Normal
2020,4,11,Summer,27.32,72.82,1014.04,3.77,34.42,0.0,4.78,342.2,161.37,22.38,Normal
2025,10,13,Post-Monsoon,17.31,58.32,1012.25,10.41,43.37,0.0,8.33,237.05,99.05,9.89,Cool
2019,8,26,Monsoon,25.47,82.21,1008.37,12.72,54.17,24.69,4.27,327.12,155.46,22.34,Normal
2015,1,25,Winter,15.73,79.87,1014.93,10.2,35.47,0.02,4.79,268.25,118.99,11.67,Cool
2022,10,19,Post-Monsoon,20.96,80.64,1019.45,2.32,62.07,8.41,6.22,123.13,121.54,17.34,Normal
2017,1,23,Winter,18.09,64.49,1020.91,8.93,21.38,4.53,7.17,197.21,111.43,11.67,Cool
2020,12,10,Winter,15.41,73.17,1020.96,4.44,49.5,4.52,8.51,119.01,138.07,11.16,Cool
2017,4,10,Summer,27.89,62.49,1014.57,6.81,27.22,0.0,6.08,404.96,117.26,19.18,Normal
2021,8,11,Monsoon,26.3,79.3,1007.87,13.6,46.05,66.7,6.43,209.39,124.86,20.65,Rainy
2021,5,21,Summer,29.46,56.39,1010.57,8.27,38.16,0.0,6.69,487.86,82.94,21.82,Normal
2023,2,7,Winter,24.18,64.89,1012.37,5.45,45.17,0.0,8.56,202.94,113.94,16.52,Normal
2019,6,18,Monsoon,33.95,53.32,1009.42,12.02,45.7,38.46,8.63,259.37,130.83,23.29,Hot
2022,5,4,Summer,27.2,63.89,1010.3,3.41,37.13,3.65,7.82,285.54,106.31,18.58,Normal
2024,2,2,Winter,22.33,64.39,1012.63,11.45,42.19,0.0,6.54,376.74,95.2,16.64,Normal
2024,11,14,Post-Monsoon,19.72,64.29,1018.16,7.38,33.18,0.91,5.65,208.08,75.35,13.28,Cool
2022,11,13,Post-Monsoon,15.41,84.06,1022.52,11.36,56.43,0.0,3.77,20.0,102.43,11.59,Cool
2015,11,12,Post-Monsoon,19.74,61.11,1013.31,6.42,41.16,2.36,9.89,159.6,133.48,11.36,Cool
2019,3,7,Summer,27.38,56.13,1010.39,6.43,30.73,0.0,7.71,212.8,89.62,18.65,Normal
2017,9,2,Monsoon,21.53,96.16,1010.49,9.71,42.29,86.26,1.79,241.23,140.65,21.45,Rainy
2015,7,13,Monsoon,28.04,70.54,1000.18,14.63,47.41,33.36,4.86,145.37,140.93,21.92,Normal
2018,7,14,Monsoon,32.3,68.68,1007.99,9.87,46.32,39.59,6.4,194.69,174.71,25.41,Normal
2022,11,27,Post-Monsoon,18.54,65.89,1019.26,9.93,31.55,1.69,6.87,242.75,126.17,12.62,Cool
2017,6,17,Monsoon,32.21,78.49,1008.3,10.85,34.38,28.6,3.49,422.32,151.07,27.89,Rainy
2024,8,9,Monsoon,28.25,77.63,1002.23,6.07,66.81,13.71,7.26,123.58,136.77,23.62,Normal
2016,4,17,Summer,28.36,49.03,1008.54,6.29,32.12,0.0,8.97,302.74,114.69,18.64,Normal
2025,8,8,Monsoon,24.58,75.75,1003.72,8.46,44.85,18.05,8.45,266.72,137.39,18.02,Normal
2023,4,2,Summer,29.8,52.52,1014.42,8.1,15.38,0.07,9.69,441.38,139.55,20.69,Normal
2024,8,28,Monsoon,30.07,73.99,1004.4,8.43,36.33,62.94,1.53,384.47,131.88,25.2,Normal
2019,9,24,Monsoon,23.5,83.44,1018.37,14.78,69.38,15.58,7.47,119.66,149.09,19.08,Normal
2021,3,13,Summer,23.9,65.01,1016.85,7.73,40.66,0.0,8.9,226.22,167.76,15.35,Normal
2025,3,3,Summer,20.63,52.6,1011.76,7.47,22.47,3.85,7.34,449.49,105.19,10.7,Normal
2025,11,16,Post-Monsoon,19.07,73.89,1011.92,9.97,52.22,4.5,6.2,127.76,115.31,13.99,Cool
2016,2,6,Winter,21.76,65.79,1015.97,10.89,29.86,1.45,7.85,377.01,110.47,15.14,Normal
2023,10,19,Post-Monsoon,20.36,74.96,1012.17,7.94,64.98,2.52,5.47,116.79,119.38,16.72,Normal
2023,3,7,Summer,26.47,62.88,1011.68,5.69,53.54,1.4,7.27,236.61,141.81,19.2,Normal
2018,3,10,Summer,23.27,70.37,1011.58,2.68,37.7,5.79,8.13,359.69,118.65,16.22,Normal
2018,5,9,Summer,31.3,58.69,1000.76,5.94,26.41,5.02,8.39,428.38,126.39,22.84,Normal
2020,5,2,Summer,27.82,67.99,1001.4,6.15,9.97,0.0,6.44,440.35,116.13,20.38,Normal
2024,2,28,Winter,20.45,68.85,1016.39,8.32,24.3,0.0,8.41,318.26,119.9,14.08,Normal
2024,12,28,Winter,16.62,67.96,1015.92,6.96,25.29,0.11,7.6,236.1,95.97,11.34,Cool
2024,10,15,Post-Monsoon,21.0,80.61,1012.89,10.06,53.11,3.53,6.59,158.66,97.45,17.49,Normal
2020,6,5,Monsoon,30.19,80.65,1011.45,10.16,47.61,59.13,4.26,270.85,140.94,25.74,Rainy
2015,5,22,Summer,29.77,60.82,1013.65,7.83,19.51,0.0,7.73,488.12,156.72,22.41,Normal
2023,6,4,Monsoon,32.82,63.13,1005.74,15.55,34.13,19.68,6.16,300.17,122.65,24.82,Hot
2016,1,20,Winter,16.98,59.3,1016.55,9.03,40.51,0.0,5.52,245.26,84.15,6.63,Cool
2019,5,4,Summer,26.53,61.77,1013.23,7.82,42.75,0.39,7.33,239.74,152.99,17.9,Normal
2023,9,18,Monsoon,27.85,77.55,1004.88,10.19,26.25,127.6,3.23,379.08,127.09,23.73,Rainy
2018,12,4,Winter,20.04,61.27,1016.67,6.1,34.47,0.0,7.88,294.66,124.89,12.91,Normal
2025,10,27,Post-Monsoon,17.66,68.7,1019.65,5.45,25.36,0.0,8.65,323.16,93.81,12.77,Cool
2017,2,17,Winter,22.02,74.9,1017.11,6.38,57.74,1.83,5.93,126.85,119.03,17.27,Normal
2021,1,12,Winter,16.83,73.32,1010.27,10.27,55.07,0.0,6.43,78.9,135.36,12.57,Cool
2020,10,22,Post-Monsoon,21.08,56.64,1012.0,7.33,21.54,9.98,8.71,307.72,108.68,12.91,Normal
2022,11,17,Post-Monsoon,18.59,66.09,1013.28,3.95,30.68,3.4,6.39,245.69,110.15,12.55,Cool
2017,9,10,Monsoon,23.48,74.83,1013.76,17.3,41.33,55.36,5.56,374.41,92.91,19.33,Normal
2019,10,22,Post-Monsoon,18.78,63.99,1018.58,8.96,11.16,0.0,7.03,404.72,119.52,11.96,Cool
2024,9,1,Monsoon,22.48,78.47,1020.05,7.78,53.81,45.78,5.07,63.67,106.69,19.04,Rainy
2018,9,22,Monsoon,21.98,78.47,1012.43,10.67,46.5,34.39,6.56,78.48,139.66,17.12,Rainy
2018,6,26,Monsoon,29.17,66.56,1007.39,12.33,51.89,7.92,6.69,177.53,129.0,20.54,Normal
2018,8,24,Monsoon,27.35,76.09,1015.25,17.11,34.69,53.11,6.29,282.55,130.79,23.09,Rainy
2024,11,27,Post-Monsoon,16.36,64.95,1019.53,4.68,31.53,1.46,5.07,333.54,117.7,9.65,Cool
2022,1,18,Winter,19.44,45.6,1021.26,10.93,5.4,0.0,7.09,365.37,104.36,7.86,Cool
2020,10,18,Post-Monsoon,23.77,76.58,1014.31,12.2,36.21,0.51,3.84,318.93,151.45,18.08,Normal
2017,4,14,Summer,26.22,67.62,1006.81,6.11,26.91,1.65,5.83,385.49,147.5,19.85,Normal
2024,1,15,Winter,18.46,64.35,1011.54,7.17,50.43,2.22,9.67,176.32,86.28,11.91,Cool
2019,8,12,Monsoon,28.6,75.99,1003.57,8.89,39.41,71.03,4.88,315.16,124.68,24.21,Rainy
2020,1,4,Winter,18.98,58.32,1019.16,7.39,35.15,11.45,6.77,282.96,120.08,9.82,Cool
2019,3,27,Summer,24.17,73.72,1017.64,7.89,41.41,0.03,7.78,209.17,103.27,18.27,Normal
2020,4,3,Summer,29.13,70.66,1016.8,9.98,28.29,1.04,8.14,194.32,97.04,23.8,Normal
2022,8,20,Monsoon,28.56,76.99,1013.18,15.27,46.57,44.0,4.05,200.18,115.03,24.02,Rainy
2021,6,12,Monsoon,28.28,83.32,1014.66,9.76,60.84,42.67,8.1,124.93,130.2,25.79,Rainy
2019,10,7,Post-Monsoon,22.41,64.66,1011.79,2.1,24.23,2.9,7.73,336.82,38.99,15.08,Normal
2024,12,11,Winter,18.95,57.19,1011.91,7.94,42.46,0.0,8.48,208.86,85.01,10.98,Cool
2020,7,1,Monsoon,28.38,73.17,1013.33,12.88,35.34,36.31,6.57,322.91,93.82,22.99,Normal
2018,8,6,Monsoon,27.58,77.7,1012.16,12.75,43.36,30.08,6.4,380.14,147.95,22.54,Rainy
2023,2,15,Winter,22.0,60.62,1014.83,7.02,41.86,0.15,7.01,183.38,127.9,14.87,Normal
2018,10,15,Post-Monsoon,20.04,64.03,1017.32,8.37,30.27,0.0,10.05,127.65,113.81,12.05,Normal
2015,11,19,Post-Monsoon,20.3,64.69,1016.88,12.55,39.2,0.72,7.11,211.73,112.0,13.3,Normal
2021,8,11,Monsoon,32.7,71.6,1012.04,13.15,40.51,83.47,6.05,371.45,141.82,27.16,Normal
2021,3,26,Summer,22.27,63.92,1019.39,6.88,39.69,1.09,6.93,292.0,94.88,14.96,Normal
2018,7,23,Monsoon,27.02,69.85,1013.06,10.5,14.31,40.55,5.31,440.95,143.17,21.79,Normal
2017,3,26,Summer,24.67,56.38,1015.92,7.49,10.15,0.0,10.34,470.07,112.36,16.4,Normal
2022,7,2,Monsoon,31.65,64.12,1009.7,16.91,45.69,27.41,6.7,436.4,144.0,24.84,Normal
2019,11,14,Post-Monsoon,17.43,74.76,1015.75,7.45,59.25,0.0,6.73,20.0,127.8,12.44,Cool
2024,12,2,Winter,20.2,50.68,1018.69,7.94,16.62,2.77,8.72,354.04,111.55,11.82,Normal
2021,2,4,Winter,17.56,75.88,1011.93,6.55,44.77,1.31,9.78,220.96,117.19,13.9,Cool
2018,10,17,Post-Monsoon,22.02,73.48,1018.6,11.3,49.32,3.05,9.38,172.79,121.84,17.46,Normal
2018,6,3,Monsoon,29.67,72.78,1004.25,17.88,53.55,24.09,7.84,236.18,127.9,24.83,Normal
2022,3,13,Summer,27.78,40.37,1011.5,9.35,0.0,0.16,12.59,519.22,116.04,15.38,Normal
2022,3,9,Summer,28.38,55.53,1006.55,8.25,20.79,0.0,6.98,376.89,120.44,19.45,Normal
2016,9,7,Monsoon,22.31,81.07,1016.39,12.11,47.86,64.46,5.5,221.32,112.51,19.04,Rainy
2016,7,15,Monsoon,28.85,68.56,1009.47,4.85,50.28,15.5,6.9,304.49,136.63,23.41,Normal
2017,5,23,Summer,31.95,51.24,1001.05,10.24,57.97,0.0,6.29,418.99,128.17,22.91,Normal
2017,12,11,Winter,16.15,79.78,1020.18,8.4,48.09,1.68,6.93,20.0,133.25,12.57,Cool
2015,10,20,Post-Monsoon,20.4,69.89,1013.21,9.29,26.03,0.0,6.52,415.14,79.05,15.98,Normal
2017,7,2,Monsoon,30.12,68.02,1012.24,9.87,46.24,36.08,8.18,280.57,127.64,23.61,Normal
2020,9,15,Monsoon,19.78,72.62,1015.96,10.85,60.95,16.02,6.04,126.91,101.67,15.11,Cool
2022,1,14,Winter,17.91,65.19,1018.85,6.77,40.45,2.56,6.83,255.36,97.62,11.66,Cool
2024,7,20,Monsoon,28.54,74.42,1005.99,15.06,35.65,125.65,5.49,396.82,136.73,23.78,Normal
2020,6,22,Monsoon,29.92,78.15,1006.5,10.86,61.02,66.01,4.8,280.0,106.57,25.93,Rainy
2019,10,11,Post-Monsoon,23.68,58.54,1011.39,14.25,41.8,5.84,9.15,329.98,115.1,15.75,Normal
2018,12,27,Winter,14.24,74.37,1023.26,9.29,34.18,4.33,7.2,193.29,105.6,8.54,Cool
2017,9,3,Monsoon,25.79,91.94,1018.46,8.17,65.13,81.29,4.06,159.1,113.87,24.5,Rainy
2018,1,17,Winter,17.32,73.72,1014.45,7.61,57.94,0.0,6.55,33.71,114.14,12.67,Cool
2021,4,12,Summer,26.88,59.07,1015.29,6.04,48.44,2.88,8.4,254.56,104.57,18.96,Normal
2015,9,24,Monsoon,25.74,77.15,1003.1,5.42,47.93,63.48,4.85,180.79,164.22,19.7,Rainy
2021,4,28,Summer,28.25,55.68,1005.25,12.8,27.25,0.0,7.14,364.08,138.74,18.12,Normal
2015,10,21,Post-Monsoon,21.76,72.28,1010.74,10.11,59.56,0.52,6.8,105.93,118.64,15.56,Normal
2016,3,15,Summer,26.13,55.69,1006.1,9.6,17.03,1.33,9.61,479.85,105.35,17.18,Normal
2018,9,16,Monsoon,23.27,80.97,1007.18,12.5,57.04,23.61,6.38,179.44,132.48,18.85,Normal
2015,2,5,Winter,19.15,66.72,1018.04,3.85,23.94,0.79,8.23,268.63,121.98,13.01,Cool
2025,4,27,Summer,25.11,57.49,1011.36,6.55,45.77,0.56,7.96,245.84,119.28,17.56,Normal
2025,6,20,Monsoon,29.18,65.73,1010.89,14.53,36.49,53.3,3.74,305.14,105.5,23.4,Normal
2025,2,6,Winter,26.99,61.57,1013.67,4.85,51.48,7.15,6.05,179.14,116.04,19.57,Normal
2023,8,19,Monsoon,30.24,73.96,1009.7,4.4,52.06,25.65,5.83,108.09,131.71,25.9,Normal
2020,8,25,Monsoon,24.53,83.03,1015.26,11.32,38.74,109.66,2.08,207.01,129.98,20.68,Rainy
2015,1,5,Winter,15.03,66.34,1019.0,7.57,57.17,0.59,6.71,68.33,110.11,8.17,Cool
2015,12,3,Winter,18.06,75.89,1012.41,8.41,66.33,5.0,5.89,89.34,127.2,12.3,Cool
2020,3,27,Summer,25.2,54.78,1016.39,10.19,41.41,0.65,7.51,276.04,137.42,17.13,Normal
2018,10,1,Post-Monsoon,21.71,76.05,1012.25,9.91,38.7,0.31,8.39,277.45,135.6,18.49,Normal
2018,9,26,Monsoon,23.44,68.27,1009.65,12.78,37.94,69.08,5.43,283.75,127.04,16.81,Normal
2025,5,28,Summer,29.79,59.84,1008.24,11.59,36.61,13.53,8.59,335.12,99.4,20.02,Normal
2020,6,6,Monsoon,31.72,76.38,1003.94,7.44,39.66,48.54,5.64,290.61,153.98,26.23,Rainy
2025,4,15,Summer,27.69,53.11,1008.75,9.51,49.8,1.02,9.96,201.71,131.66,17.79,Normal
2021,10,2,Post-Monsoon,15.62,72.51,1020.24,9.88,46.74,6.38,7.99,339.84,102.69,9.06,Cool
2023,2,3,Winter,19.99,74.56,1017.2,4.28,14.21,2.11,6.02,423.18,112.72,14.08,Cool
2024,11,17,Post-Monsoon,16.06,53.62,1014.96,3.49,33.97,9.01,10.38,302.08,99.63,6.95,Cool
2019,8,25,Monsoon,27.89,80.02,1008.33,9.76,46.84,32.18,5.05,141.09,121.2,24.42,Rainy
2023,11,24,Post-Monsoon,24.51,44.09,1016.94,6.02,21.37,0.0,9.15,321.31,74.34,11.67,Normal
2018,6,12,Monsoon,31.81,66.21,1009.52,14.26,35.55,5.84,7.67,300.69,107.75,24.63,Normal
2024,5,18,Summer,29.37,68.57,1017.54,6.16,51.54,3.96,7.69,273.32,110.22,23.12,Normal
2016,9,15,Monsoon,26.03,74.1,1016.3,9.43,59.72,124.43,4.66,71.38,89.24,20.0,Normal
2017,1,12,Winter,19.0,58.28,1021.08,6.17,37.02,0.0,7.01,184.46,85.15,10.85,Cool
2025,5,16,Summer,30.99,54.33,1002.56,11.36,26.39,1.7,9.01,375.24,141.08,21.76,Normal
2015,6,27,Monsoon,32.34,86.97,1010.22,12.04,56.08,32.91,5.79,187.33,148.37,29.37,Rainy
2020,5,8,Summer,34.59,39.65,1005.38,7.46,18.96,0.0,9.23,520.9,101.26,21.83,Hot
2020,6,28,Monsoon,28.51,68.58,1007.64,11.67,32.23,22.99,6.4,366.33,111.32,22.45,Normal
2015,6,14,Monsoon,32.04,83.24,1008.04,15.88,60.54,58.89,3.73,296.21,159.99,28.08,Rainy
2025,7,25,Monsoon,28.02,89.38,1013.96,9.75,64.03,57.49,4.88,200.46,156.56,24.51,Rainy
